id,school_name,borough,building_code,address,city,zip,latitude,longitude,start,end,enrollment,white,black,hispanic,asian,avg_score_math,avg_score_reading,avg_score_writing,percent_tested
02M260,Clinton School Writers and Artists,Manhattan,M933,425 West 33rd Street,Manhattan,10001,40.75321,-73.99786,,,,,,,,,,,
06M211,Inwood Early College for Health and Information Technologies,Manhattan,M052,650 Academy Street,Manhattan,10002,40.86605,-73.92486,8:30 AM,3:00 PM,87,3.4%,21.8%,67.8%,4.6%,,,,
01M539,"New Explorations into Science, Technology and Math High School",Manhattan,M022,111 Columbia Street,Manhattan,10002,40.71873,-73.97943,8:15 AM,4:00 PM,1735,28.6%,13.3%,18.0%,38.5%,657,601,601,91.0%
02M294,Essex Street Academy,Manhattan,M445,350 Grand Street,Manhattan,10002,40.71687,-73.98953,8:00 AM,2:45 PM,358,11.7%,38.5%,41.3%,5.9%,395,411,387,78.9%
02M308,Lower Manhattan Arts Academy,Manhattan,M445,350 Grand Street,Manhattan,10002,40.71687,-73.98953,8:30 AM,3:00 PM,383,3.1%,28.2%,56.9%,8.6%,418,428,415,65.1%
02M545,High School for Dual Language and Asian Studies,Manhattan,M445,350 Grand Street,Manhattan,10002,40.71687,-73.98953,8:00 AM,3:35 PM,416,1.7%,3.1%,5.5%,88.9%,613,453,463,95.9%
01M292,Henry Street School for International Studies,Manhattan,M056,220 Henry Street,Manhattan,10002,40.71376,-73.98526,8:30 AM,3:30 PM,255,3.9%,24.4%,56.6%,13.2%,410,406,381,59.7%
01M696,Bard High School Early College,Manhattan,M097,525 East Houston Street,Manhattan,10002,40.71896,-73.97607,9:00 AM,3:50 PM,545,45.3%,17.2%,18.7%,17.1%,634,641,639,70.8%
02M305,Urban Assembly Academy of Government and Law,Manhattan,M445,350 Grand Street,Manhattan,10002,40.71687,-73.98953,8:32 AM,3:45 PM,329,2.7%,41.9%,49.2%,5.8%,389,395,381,80.8%
01M509,Marta Valle High School,Manhattan,M025,145 Stanton Street,Manhattan,10002,40.72057,-73.98567,8:00 AM,3:30 PM,363,2.5%,39.9%,51.2%,5.8%,438,413,394,35.6%
01M448,University Neighborhood High School,Manhattan,M446,200 Monroe Street,Manhattan,10002,40.71233,-73.9848,8:15 AM,3:15 PM,304,3.3%,25.0%,41.1%,29.9%,437,355,352,69.9%
02M543,New Design High School,Manhattan,M445,350 Grand Street,Manhattan,10002,40.71687,-73.98953,8:40 AM,2:56 PM,441,3.9%,30.8%,56.9%,5.9%,381,396,372,73.7%
02M298,Pace High School,Manhattan,M131,100 Hester Street,Manhattan,10002,40.71641,-73.99268,9:00 AM,3:15 PM,423,1.9%,28.1%,45.4%,13.7%,430,435,427,87.8%
02M420,High School for Health Professions and Human Services,Manhattan,M475,345 East 15th Street,Manhattan,10003,40.73249,-73.98305,9:00 AM,3:45 PM,1664,7.3%,18.9%,50.9%,22.4%,452,445,430,86.9%
02M399,High School for Language and Diplomacy,Manhattan,M460,40 Irving Place,Manhattan,10003,40.73552,-73.9876,8:00 AM,3:30 PM,437,5.7%,20.4%,40.3%,31.1%,446,433,411,70.2%
02M546,Academy for Software Engineering,Manhattan,M460,40 Irving Place,Manhattan,10003,40.73552,-73.9876,8:45 AM,3:36 PM,344,9.0%,28.8%,45.9%,11.0%,,,,
02M533,Union Square Academy for Health Sciences,Manhattan,M460,40 Irving Place,Manhattan,10003,40.73552,-73.9876,8:00 AM,3:49 PM,319,4.7%,20.1%,56.7%,16.0%,,,,
02M438,International High School at Union Square,Manhattan,M460,40 Irving Place,Manhattan,10003,40.73552,-73.9876,8:45 AM,3:05 PM,353,9.9%,14.2%,45.3%,30.6%,403,330,316,53.2%
02M407,Institute for Collaborative Education,Manhattan,M475,345 East 15th Street,Manhattan,10003,40.73249,-73.98305,8:00 AM,3:00 PM,482,56.5%,14.1%,14.9%,5.8%,501,550,541,78.6%
02M374,Gramercy Arts High School,Manhattan,M460,40 Irving Place,Manhattan,10003,40.73552,-73.9876,8:15 AM,3:30 PM,530,5.8%,42.5%,44.2%,3.6%,446,459,455,79.6%
02M551,Urban Assembly New York Harbor School,Manhattan,M877,550 Wheeler Avenue,Manhattan,10004,40.69079,-74.01976,8:15 AM,4:00 PM,447,18.8%,23.7%,51.7%,2.9%,446,453,428,78.8%
02M580,Richard R. Green High School of Teaching,Manhattan,M282,26 Broadway,Manhattan,10004,40.70523,-74.01332,8:30 AM,3:20 PM,566,2.7%,31.1%,58.8%,6.2%,411,415,409,60.0%
02M418,Millennium High School,Manhattan,M824,75 Broad Street,Manhattan,10004,40.70492,-74.01151,8:30 AM,3:00 PM,659,32.8%,7.6%,18.2%,38.4%,577,560,567,94.0%
02M316,Urban Assembly School of Business for Young Women,Manhattan,M282,26 Broadway,Manhattan,10004,40.70523,-74.01332,8:35 AM,3:30 PM,405,2.2%,52.8%,39.3%,3.5%,418,420,417,75.0%
02M489,High School of Economics and Finance,Manhattan,M833,100 Trinity Place,Manhattan,10006,40.70922,-74.01203,8:30 AM,3:30 PM,796,7.2%,22.9%,47.1%,21.7%,469,442,447,66.8%
02M425,Leadership and Public Service High School,Manhattan,M894,90 Trinity Place,Manhattan,10006,40.70915,-74.01208,8:30 AM,2:45 PM,699,4.4%,27.9%,61.9%,3.9%,390,396,392,54.9%
01M450,East Side Community School,Manhattan,M060,420 East 12th Street,Manhattan,10009,40.72978,-73.98304,8:30 AM,3:30 PM,666,8.3%,22.1%,57.9%,9.4%,454,428,445,85.2%
02M411,Baruch College Campus High School,Manhattan,M874,55 East 25th Street,Manhattan,10010,40.74405,-73.99148,8:20 AM,2:50 PM,451,22.8%,6.2%,14.9%,54.8%,592,526,531,94.3%
02M047,47 American Sign Language and English Secondary School,Manhattan,M047,223 East 23rd Street,Manhattan,10010,40.7386,-73.98251,8:45 AM,3:45 PM,169,5.3%,28.4%,64.5%,1.2%,,,,48.3%
02M413,School of the Future High School,Manhattan,M660,127 East 22nd Street,Manhattan,10010,40.73895,-73.98541,8:35 AM,3:10 PM,713,35.9%,11.7%,30.4%,14.4%,534,533,522,89.9%
02M439,Manhattan Village Academy,Manhattan,M873,43 West 22nd Street,Manhattan,10010,40.74149,-73.99145,8:00 AM,3:20 PM,415,7.2%,9.6%,67.2%,7.2%,522,479,510,98.8%
02M422,Quest to Learn,Manhattan,M440,351 West 18th Street,Manhattan,10011,40.74289,-74.00213,9:00 AM,3:50 PM,564,24.2%,21.9%,41.5%,8.7%,,,,
02M412,NYC Lab School for Collaborative Studies,Manhattan,M070,333 West 17th Street,Manhattan,10011,40.7421,-74.00207,8:00 AM,2:50 PM,587,46.0%,6.0%,15.5%,27.6%,595,550,555,79.8%
02M534,Harvest Collegiate High School,Manhattan,M883,34 West 14th Street,Manhattan,10011,40.73676,-73.99551,8:20 AM,3:17 PM,333,16.8%,22.2%,52.3%,6.9%,,,,
02M437,Hudson High School of Learning Technologies,Manhattan,M440,351 West 18th Street,Manhattan,10011,40.74289,-74.00213,8:45 AM,3:30 PM,483,3.3%,29.2%,59.4%,6.4%,378,407,388,71.8%
02M392,Manhattan Business Academy,Manhattan,M440,351 West 18th Street,Manhattan,10011,40.74289,-74.00213,8:30 AM,3:15 PM,438,3.9%,28.1%,62.1%,3.4%,410,407,399,69.7%
02M605,Humanities Preparatory Academy,Manhattan,M440,351 West 18th Street,Manhattan,10011,40.74289,-74.00213,9:00 AM,3:15 PM,,,,,,,,,
02M419,Landmark High School,Manhattan,M440,351 West 18th Street,Manhattan,10011,40.74289,-74.00213,8:45 AM,3:20 PM,355,1.7%,24.2%,68.5%,3.7%,386,386,386,30.6%
02M600,High School of Fashion Industries,Manhattan,M600,225 West 24th Street,Manhattan,10011,40.74511,-73.99591,8:00 AM,3:45 PM,1770,3.8%,36.3%,53.8%,5.0%,433,442,427,80.6%
02M414,NYC Museum School,Manhattan,M070,333 West 17th Street,Manhattan,10011,40.7421,-74.00207,8:15 AM,2:45 PM,471,12.1%,12.7%,39.7%,34.2%,560,530,522,90.0%
02M615,Chelsea Career and Technical Education High School,Manhattan,M615,131 Avenue of the Americas,Manhattan,10013,40.72435,-74.00476,8:30 AM,4:00 PM,439,3.2%,28.9%,57.4%,8.2%,439,418,400,80.4%
02M376,NYC iSchool,Manhattan,M615,131 Avenue of the Americas,Manhattan,10013,40.72435,-74.00476,9:00 AM,4:00 PM,442,28.7%,19.9%,39.8%,8.6%,518,515,503,96.0%
02M432,Murray Hill Academy,Manhattan,M620,111 East 33rd Street,Manhattan,10016,40.74611,-73.98101,8:00 AM,2:58 PM,,,,,,,,,
02M427,Manhattan Academy for Arts and Language,Manhattan,M620,111 East 33rd Street,Manhattan,10016,40.74611,-73.98101,9:00 AM,3:40 PM,334,1.5%,4.8%,91.3%,2.4%,350,334,321,46.1%
02M500,Unity Center for Urban Technologies,Manhattan,M620,111 East 33rd Street,Manhattan,10016,40.74611,-73.98101,8:15 AM,4:00 PM,284,4.9%,27.5%,58.8%,6.0%,375,385,387,62.8%
02M393,Business of Sports School,Manhattan,M625,439 West 49th Street,Manhattan,10019,40.76336,-73.99051,8:50 AM,3:30 PM,449,1.6%,35.4%,59.5%,2.2%,395,386,371,67.5%
02M303,Facing History School,Manhattan,M535,525 West 50th Street,Manhattan,10019,40.76503,-73.99252,8:35 AM,3:00 PM,406,2.2%,27.3%,67.5%,1.7%,366,356,371,57.3%
02M296,High School of Hospitality Management,Manhattan,M535,525 West 50th Street,Manhattan,10019,40.76503,-73.99252,9:00 AM,3:45 PM,424,1.7%,21.0%,71.2%,5.0%,451,433,424,56.2%
02M300,Urban Assembly School of Design and Construction,Manhattan,M535,525 West 50th Street,Manhattan,10019,40.76503,-73.99252,8:00 AM,3:15 PM,414,3.4%,29.5%,59.2%,6.0%,445,417,403,60.6%
02M135,Urban Assembly School for Emergency Management,Manhattan,M625,439 West 49th Street,Manhattan,10019,40.76336,-73.99051,8:41 AM,3:31 PM,193,2.6%,28.5%,62.2%,5.7%,,,,
02M400,High School for Environmental Studies,Manhattan,M834,444 West 56th Street,Manhattan,10019,40.76776,-73.98751,8:15 AM,3:00 PM,1301,6.6%,14.7%,62.9%,15.1%,469,454,444,74.0%
02M630,Art and Design High School,Manhattan,M488,231-249 East 56th Street,Manhattan,10019,40.7654,-73.98177,8:30 AM,4:00 PM,1476,10.8%,24.1%,54.7%,8.5%,455,475,458,70.1%
02M542,Manhattan Bridges High School,Manhattan,M535,525 West 50th Street,Manhattan,10019,40.76503,-73.99252,8:00 AM,3:45 PM,529,0.0%,0.0%,100.0%,0.0%,409,360,347,84.4%
02M507,Urban Assembly Gateway School for Technology,Manhattan,M625,439 West 49th Street,Manhattan,10019,40.76336,-73.99051,8:00 AM,3:30 PM,472,5.7%,30.3%,53.8%,7.8%,445,432,415,78.4%
02M288,Food and Finance High School,Manhattan,M535,525 West 50th Street,Manhattan,10019,40.76503,-73.99252,7:40 AM,2:30 PM,427,3.0%,39.6%,52.2%,4.7%,428,435,421,52.0%
02M416,Eleanor Roosevelt High School,Manhattan,M855,411 East 76th Street,Manhattan,10021,40.77012,-73.95338,8:30 AM,3:30 PM,541,61.4%,4.4%,10.9%,20.1%,641,617,631,86.0%
03M299,"High School for Arts, Imagination, and Inquiry",Manhattan,M490,122 Amsterdam Avenue,Manhattan,10023,40.7743,-73.98482,8:45 AM,3:26 PM,447,0.9%,38.5%,58.8%,0.4%,375,389,380,58.8%
03M307,Urban Assembly School for Media Studies,Manhattan,M490,122 Amsterdam Avenue,Manhattan,10023,40.7743,-73.98482,9:00 AM,3:15 PM,412,1.7%,36.4%,57.8%,1.9%,392,419,396,49.5%
03M479,Beacon High School,Manhattan,M837,227-243 West 61st Street,Manhattan,10023,40.77216,-73.9878,8:00 AM,3:00 PM,1285,51.8%,13.7%,23.8%,8.9%,583,586,595,82.8%
03M485,Fiorello H. LaGuardia High School of Music and Art and Performing Arts,Manhattan,M485,100 Amsterdam Avenue,Manhattan,10023,40.77367,-73.98527,8:00 AM,4:00 PM,2635,45.3%,11.3%,19.4%,19.4%,592,592,597,88.5%
03M494,High School of Arts and Technology,Manhattan,M490,122 Amsterdam Avenue,Manhattan,10023,40.7743,-73.98482,8:00 AM,2:45 PM,594,2.9%,32.5%,59.3%,3.9%,421,428,406,44.4%
03M541,Manhattan / Hunter Science High School,Manhattan,M490,122 Amsterdam Avenue,Manhattan,10023,40.7743,-73.98482,8:00 AM,2:30 PM,451,13.1%,16.4%,37.9%,25.9%,581,531,535,97.2%
03M859,Special Music School,Manhattan,M490,122 Amsterdam Avenue,Manhattan,10023,40.7743,-73.98482,8:00 AM,2:30 PM,231,29.3%,21.7%,15.2%,18.5%,,,,
03M492,"High School for Law, Advocacy, and Community Justice",Manhattan,M490,122 Amsterdam Avenue,Manhattan,10023,40.7743,-73.98482,8:00 AM,2:45 PM,510,2.2%,42.0%,52.7%,2.4%,415,417,402,60.5%
03M402,Urban Assembly School for Green Careers,Manhattan,M470,145 West 84th Street,Manhattan,10024,40.78574,-73.97442,8:30 AM,3:30 PM,353,2.8%,23.2%,72.0%,1.1%,393,371,378,60.0%
03M417,Frank McCourt High School,Manhattan,M470,145 West 84th Street,Manhattan,10024,40.78574,-73.97442,8:40 AM,3:00 PM,387,31.8%,15.8%,40.1%,8.8%,489,491,500,89.1%
03M403,Global Learning Collaborative,Manhattan,M470,145 West 84th Street,Manhattan,10024,40.78574,-73.97442,8:30 AM,3:30 PM,496,5.4%,25.0%,66.3%,2.4%,406,407,413,59.4%
03M415,Wadleigh Secondary School for the Performing and Visual Arts,Manhattan,M088,215 West 114th Street,Manhattan,10026,40.80217,-73.95401,8:00 AM,3:45 PM,445,1.0%,52.0%,44.2%,1.8%,381,401,392,52.6%
03M860,Frederick Douglass Academy II Secondary School,Manhattan,M088,215 West 114th Street,Manhattan,10026,40.80217,-73.95401,8:00 AM,3:00 PM,411,1.9%,67.8%,26.3%,2.2%,390,384,373,63.8%
05M362,Columbia Secondary School,Manhattan,M125,425 West 123rd Street,Manhattan,10027,40.81092,-73.95693,8:00 AM,4:00 PM,659,14.8%,22.0%,48.1%,13.7%,583,561,546,88.2%
05M367,Academy for Social Action (College Board),Manhattan,M043,509 West 129th Street,Manhattan,10027,40.81523,-73.9552,8:35 AM,3:45 PM,234,2.8%,46.5%,49.3%,0.5%,357,349,365,54.0%
05M369,Urban Assembly School for the Performing Arts,Manhattan,M043,509 West 129th Street,Manhattan,10027,40.81523,-73.9552,8:15 AM,3:15 PM,358,1.4%,52.2%,43.0%,0.8%,379,399,388,76.7%
04M680,Heritage School,Manhattan,M107,1680 Lexington Avenue,Manhattan,10029,40.79188,-73.94659,8:30 AM,3:39 PM,322,1.9%,32.3%,63.7%,1.2%,385,380,370,56.8%
04M555,Central Park East High School,Manhattan,M013,1573 Madison Avenue,Manhattan,10029,40.79368,-73.94942,8:30 AM,3:20 PM,466,3.9%,24.5%,63.3%,7.3%,483,468,439,97.9%
04M495,Park East High School,Manhattan,M495,230 East 105th Street,Manhattan,10029,40.79056,-73.94445,8:45 AM,3:15 PM,413,1.7%,27.6%,63.7%,4.8%,429,433,435,89.6%
04M610,Young Women's Leadership School,Manhattan,M895,105 East 106th Street,Manhattan,10029,40.79271,-73.9473,8:45 AM,3:15 PM,480,3.4%,27.9%,57.4%,8.9%,478,465,472,100.0%
04M435,Manhattan Center for Science and Mathematics,Manhattan,M435,260 Pleasant Avenue,Manhattan,10029,40.79374,-73.93408,8:15 AM,2:40 PM,1603,4.2%,20.9%,54.1%,19.2%,556,505,495,87.6%
04M372,Esperanza Preparatory Academy,Manhattan,M117,240 East 109th Street,Manhattan,10029,40.79307,-73.94236,8:00 AM,3:00 PM,507,2.1%,13.1%,83.1%,1.3%,,,,
05M304,Mott Hall High School,Manhattan,M136,6 Edgecombe Avenue,Manhattan,10030,40.81736,-73.94771,8:00 AM,3:30 PM,428,0.7%,38.3%,59.1%,0.9%,416,445,440,36.9%
05M670,Thurgood Marshall Academy for Learning and Social Change,Manhattan,M970,200-214 West 135th Street,Manhattan,10030,40.81536,-73.9439,8:30 AM,3:00 PM,561,0.8%,77.6%,19.6%,1.3%,402,394,400,84.7%
05M692,"High School for Mathematics, Science, and Engineering at City College",Manhattan,M812,240 Convent Avenue,Manhattan,10031,40.82112,-73.94885,8:00 AM,3:35 PM,470,26.8%,9.6%,21.7%,38.5%,683,610,596,92.6%
06M540,A. Philip Randolph Campus High School,Manhattan,M540,443 West 135th Street,Manhattan,10031,40.81832,-73.95061,8:00 AM,2:20 PM,1354,1.7%,32.0%,59.7%,4.9%,459,453,447,74.0%
06M552,Gregorio Luperon High School for Science and Mathematics,Manhattan,M876,501 West 165th Street,Manhattan,10032,40.83803,-73.93837,8:00 AM,3:30 PM,504,0.0%,0.0%,100.0%,0.0%,383,355,352,71.0%
06M346,Community Health Academy of the Heights,Manhattan,M814,504 West 158th Street,Manhattan,10032,40.83356,-73.9418,8:15 AM,3:00 PM,629,2.7%,4.9%,91.8%,0.0%,387,389,385,55.3%
06M348,Washington Heights Expeditionary Learning School,Manhattan,M143,511 West 182nd Street,Manhattan,10033,40.84888,-73.93081,8:00 AM,3:00 PM,705,0.5%,3.8%,94.8%,0.3%,443,423,434,87.0%
06M423,High School for Excellence and Innovation,Manhattan,M052,650 Academy Street,Manhattan,10034,40.86605,-73.92486,8:45 AM,3:30 PM,,,,,,,,,
05M157,Urban Assembly School for Global Commerce,Manhattan,M501,2005 Madison Avenue,Manhattan,10035,40.80734,-73.93943,8:10 AM,3:15 PM,164,1.2%,43.9%,49.4%,2.4%,,,,
04M409,Coalition School for Social Change,Manhattan,M045,2351 1st Avenue,Manhattan,10035,40.79887,-73.93337,8:45 AM,3:30 PM,283,3.5%,41.0%,50.2%,4.2%,344,368,367,40.5%
02M531,Repertory Company High School for Theatre Arts,Manhattan,M896,123 West 43rd Street,Manhattan,10036,40.75594,-73.98457,8:15 AM,3:30 PM,246,8.5%,37.4%,50.4%,1.6%,425,451,458,89.5%
02M408,Professional Performing Arts High School,Manhattan,M017,328 West 48th Street,Manhattan,10036,40.76143,-73.98802,8:15 AM,3:30 PM,536,42.9%,26.2%,22.3%,2.5%,496,520,516,72.2%
02M529,Jacqueline Kennedy Onassis High School,Manhattan,M486,120 West 46th Street,Manhattan,10036,40.75776,-73.98319,8:00 AM,3:00 PM,676,3.6%,21.3%,70.1%,4.0%,418,422,415,53.8%
02M280,Manhattan Early College School for Advertising,Manhattan,M520,411 Pearl Street,Manhattan,10038,40.71068,-74.00081,8:30 AM,3:45 PM,97,15.5%,32.0%,43.3%,7.2%,,,,
02M520,Murry Bergtraum High School for Business Careers,Manhattan,M520,411 Pearl Street,Manhattan,10038,40.71068,-74.00081,8:00 AM,3:00 PM,971,3.0%,46.1%,40.7%,8.9%,418,415,398,44.3%
02M282,Urban Assembly Maker Academy,Manhattan,M520,411 Pearl Street,Manhattan,10038,40.70934,-74.0053,9:00 AM,3:45 PM,103,9.7%,24.3%,45.6%,10.7%,,,,
02M139,Stephen T. Mather Building Arts and Craftsmanship High School,Manhattan,M520,411 Pearl Street,Manhattan,10038,40.71068,-74.00081,9:10 AM,3:30 PM,193,8.8%,24.9%,61.1%,3.6%,,,,
05M499,Frederick Douglass Academy,Manhattan,M010,2581 7th Avenue,Manhattan,10039,40.82431,-73.93698,8:00 AM,3:00 PM,1428,1.4%,70.4%,23.2%,1.7%,463,452,450,65.1%
06M463,High School for Media and Communications,Manhattan,M465,549 Audubon Avenue,Manhattan,10040,40.85594,-73.92703,8:00 AM,3:45 PM,479,1.3%,13.8%,82.5%,1.9%,378,381,383,33.0%
06M462,College Academy,Manhattan,M465,549 Audubon Avenue,Manhattan,10040,40.85594,-73.92703,8:00 AM,3:45 PM,491,0.6%,9.0%,89.2%,0.2%,367,377,363,41.9%
06M467,High School for Law and Public Service,Manhattan,M465,549 Audubon Avenue,Manhattan,10040,40.85594,-73.92703,8:00 AM,3:45 PM,671,1.6%,16.8%,80.8%,0.4%,401,394,381,44.1%
06M293,City College Academy of the Arts,Manhattan,M218,4600 Broadway,Manhattan,10040,40.86111,-73.93045,8:15 AM,4:00 PM,587,1.2%,3.8%,94.1%,0.9%,495,445,450,95.3%
06M468,High School for Health Careers and Sciences,Manhattan,M465,549 Audubon Avenue,Manhattan,10040,40.85594,-73.92703,8:00 AM,3:45 PM,605,1.5%,15.9%,79.8%,1.3%,374,385,389,56.2%
02M459,Manhattan International High School,Manhattan,M480,317 East 67th Street,Manhattan,10065,40.76545,-73.96021,8:45 AM,3:05 PM,343,12.2%,16.6%,41.1%,29.4%,438,358,382,58.6%
02M519,Talent Unlimited High School,Manhattan,M480,317 East 67th Street,Manhattan,10065,40.76545,-73.96021,8:10 AM,3:20 PM,506,20.4%,33.4%,39.9%,4.9%,485,498,496,89.3%
02M449,Vanguard High School,Manhattan,M480,317 East 67th Street,Manhattan,10065,40.76545,-73.96021,8:00 AM,3:00 PM,486,4.7%,27.4%,57.0%,7.6%,431,409,396,63.8%
02M655,Life Sciences Secondary School,Manhattan,M645,320 East 96th Street,Manhattan,10128,40.78364,-73.94574,8:00 AM,3:00 PM,697,3.2%,28.3%,62.2%,4.3%,435,440,425,63.0%
02M475,Stuyvesant High School,Manhattan,M477,345 Chambers Street,Manhattan,10282,40.71775,-74.01405,8:00 AM,3:30 PM,3296,20.4%,0.8%,2.6%,73.4%,754,697,693,97.4%
31R600,Ralph R. McKee Career and Technical Education High School,Staten Island,R600,290 St Marks Place,Staten Island,10301,40.64274,-74.07871,8:00 AM,3:00 PM,624,19.7%,30.8%,42.5%,4.8%,420,429,409,38.0%
31R080,Michael J. Petrides School,Staten Island,R880,715 Ocean Terrace,Staten Island,10301,40.60745,-74.10148,8:00 AM,2:20 PM,1327,49.8%,22.3%,20.2%,6.9%,483,473,470,79.2%
31R450,Curtis High School,Staten Island,R450,105 Hamilton Avenue,Staten Island,10301,40.64474,-74.08134,9:00 AM,3:30 PM,2499,17.7%,38.4%,36.0%,7.1%,453,458,444,64.2%
31R445,Port Richmond High School,Staten Island,R445,85 St Josephs Avenue,Staten Island,10302,40.63384,-74.14211,8:00 AM,2:45 PM,1628,21.7%,27.9%,42.8%,7.0%,432,427,425,44.6%
31R605,Staten Island Technical High School,Staten Island,R440,485 Clawson Street,Staten Island,10306,40.56791,-74.11536,7:45 AM,2:30 PM,1247,52.2%,1.0%,5.2%,41.1%,711,660,670,99.7%
31R440,New Dorp High School,Staten Island,R435,465 New Dorp Lane,Staten Island,10306,40.56918,-74.1073,8:05 AM,3:10 PM,2791,51.8%,12.1%,27.8%,7.5%,454,446,444,63.7%
31R455,Tottenville High School,Staten Island,R455,100 Luten Avenue,Staten Island,10312,40.52823,-74.19215,8:00 AM,2:45 PM,3982,79.9%,1.8%,11.8%,5.1%,494,476,476,78.9%
31R460,Susan E. Wagner High School,Staten Island,R460,1200 Manor Road,Staten Island,10314,40.59865,-74.1231,8:16 AM,3:00 PM,3363,47.7%,10.9%,27.0%,13.4%,496,490,487,66.3%
31R064,Gaynor McCown Expeditionary Learning School,Staten Island,R043,100 Essex Drive,Staten Island,10314,40.58202,-74.15785,8:00 AM,2:20 PM,479,61.6%,13.8%,19.0%,3.3%,442,458,454,55.8%
31R047,CSI High School for International Studies,Staten Island,R043,100 Essex Drive,Staten Island,10314,40.58202,-74.15785,7:30 AM,3:50 PM,520,55.6%,8.8%,19.8%,11.2%,477,468,464,83.5%
07X522,Bronx Design and Construction Academy,Bronx,X600,333 East 151st Street,Bronx,10451,40.81825,-73.91974,8:00 AM,3:30 PM,563,3.4%,24.0%,70.5%,1.4%,,,,0.8%
07X547,New Explorers High School,Bronx,X790,730 Concourse Village West,Bronx,10451,40.82278,-73.92352,8:30 AM,3:30 PM,475,0.4%,31.4%,67.6%,0.4%,390,398,376,30.4%
09X505,"Bronx School for Law, Government, and Justice",Bronx,X460,244 East 163rd Street,Bronx,10451,40.82759,-73.91867,8:15 AM,3:00 PM,778,1.0%,23.1%,72.0%,2.2%,403,409,415,63.8%
07X548,Urban Assembly School for Careers in Sports,Bronx,X790,730 Concourse Village West,Bronx,10451,40.82278,-73.92352,8:25 AM,3:18 PM,587,1.4%,28.6%,69.5%,0.2%,402,405,395,55.5%
07X527,Bronx Leadership Academy II High School,Bronx,X790,730 Concourse Village West,Bronx,10451,40.82278,-73.92352,8:30 AM,3:15 PM,495,0.8%,32.3%,63.4%,2.2%,384,355,361,61.3%
07X551,Urban Assembly Bronx Academy of Letters,Bronx,X183,339 Morris Avenue,Bronx,10451,40.81336,-73.92554,8:00 AM,3:50 PM,591,1.5%,30.4%,66.9%,0.9%,398,400,405,57.8%
07X670,Health Opportunities High School,Bronx,X884,350 Gerard Avenue,Bronx,10451,40.81608,-73.93032,8:15 AM,3:35 PM,554,1.8%,36.1%,57.9%,3.1%,374,386,382,57.9%
07X427,Community School for Social Justice,Bronx,X884,350 Gerard Avenue,Bronx,10451,40.81608,-73.93032,8:30 AM,3:00 PM,324,1.2%,29.6%,67.3%,1.5%,380,382,362,38.4%
07X600,Alfred E. Smith Career and Technical Education High School,Bronx,X600,333 East 151st Street,Bronx,10451,40.81825,-73.91974,8:50 AM,3:00 PM,375,0.8%,29.1%,68.3%,1.1%,390,373,371,29.8%
09X327,Comprehensive Model School Project,Bronx,X240,1501 Jerome Avenue,Bronx,10452,40.84241,-73.91616,8:00 AM,4:00 PM,628,0.6%,23.3%,76.0%,0.0%,,,,
09X365,Academy for Language and Technology,Bronx,X082,1700 Macombs Road,Bronx,10453,40.8491,-73.91609,8:00 AM,4:00 PM,322,0.0%,0.3%,99.7%,0.0%,371,334,348,78.9%
07X223,Laboratory School of Finance and Technology,Bronx,X149,360 East 145th Street,Bronx,10454,40.81401,-73.92084,7:50 AM,3:00 PM,502,0.9%,20.6%,78.5%,0.0%,,,,
07X221,South Bronx Preparatory (College Board),Bronx,X149,360 East 145th Street,Bronx,10454,40.81401,-73.92084,8:00 AM,3:00 PM,654,1.4%,25.2%,70.3%,1.7%,419,414,394,76.9%
07X334,International Community High School,Bronx,X139,345 Brook Avenue,Bronx,10454,40.81004,-73.91781,9:00 AM,4:00 PM,463,1.3%,14.0%,76.7%,6.5%,345,338,312,58.2%
07X520,Foreign Language Academy of Global Studies,Bronx,X155,470 Jackson Avenue,Bronx,10455,40.81114,-73.90979,7:30 AM,3:00 PM,145,1.4%,26.9%,67.6%,2.8%,,,,32.6%
07X500,Hostos-Lincoln Academy of Science,Bronx,X162,600 St Anns Avenue,Bronx,10455,40.81496,-73.91252,8:00 AM,2:30 PM,544,1.5%,22.5%,69.9%,3.8%,463,451,435,80.0%
07X259,"HERO High (Health, Education, and Research Occupations High School)",Bronx,X655,455 Southern Boulevard,Bronx,10455,40.81041,-73.9068,8:30 AM,3:30 PM,231,1.7%,35.5%,58.9%,2.2%,,,,
07X495,University Heights Secondary School,Bronx,X470,701 St Anns Avenue,Bronx,10455,40.81817,-73.91109,8:45 AM,3:00 PM,486,1.6%,30.0%,64.6%,3.1%,420,446,424,87.8%
07X473,Mott Haven Village Preparatory High School,Bronx,X470,701 St Anns Avenue,Bronx,10455,40.81817,-73.91109,8:30 AM,3:00 PM,364,0.5%,25.3%,73.6%,0.3%,377,373,369,44.9%
09X543,High School for Violin and Dance,Bronx,X400,1110 Boston Road,Bronx,10456,40.8276,-73.90448,8:00 AM,3:00 PM,384,0.3%,34.1%,64.6%,0.5%,363,401,396,31.3%
09X403,Bronx International High School,Bronx,X400,1110 Boston Road,Bronx,10456,40.8276,-73.90448,9:00 AM,3:45 PM,409,1.7%,20.0%,74.1%,3.4%,355,330,320,59.1%
08X559,School for Tourism and Hospitality,Bronx,X650,900 Tinton Avenue,Bronx,10456,40.82189,-73.90344,8:30 AM,2:45 PM,240,0.0%,35.4%,60.4%,1.3%,,,,
12X479,Bronx Career and College Preparatory High School,Bronx,X158,800 Home Street,Bronx,10456,40.82776,-73.90039,8:00 AM,2:15 PM,333,0.6%,40.5%,56.8%,0.9%,370,379,381,40.7%
09X260,Bronx Center for Science and Mathematics,Bronx,X002,1363 Fulton Avenue,Bronx,10456,40.83374,-73.90245,7:30 AM,3:25 PM,457,1.5%,25.4%,65.9%,6.3%,513,468,485,73.9%
09X324,Bronx Early College Academy for Teaching and Learning,Bronx,X166,250 East 164th Street,Bronx,10456,40.82871,-73.91776,8:30 AM,3:15 PM,503,0.4%,28.7%,67.4%,3.6%,424,413,409,93.3%
09X250,Eximius College Preparatory Academy (College Board),Bronx,X002,1363 Fulton Avenue,Bronx,10456,40.83374,-73.90245,8:00 AM,3:22 PM,449,0.7%,45.2%,52.1%,1.1%,400,391,397,78.2%
12X267,Bronx Latin,Bronx,X158,800 Home Street,Bronx,10456,40.82776,-73.90039,8:30 AM,3:15 PM,546,0.0%,21.2%,77.1%,1.7%,394,381,363,81.0%
09X404,School for Excellence,Bronx,X400,1110 Boston Road,Bronx,10456,40.8276,-73.90448,8:15 AM,2:45 PM,421,1.0%,26.6%,70.8%,0.7%,377,385,383,38.4%
09X297,Morris Academy for Collaborative Studies,Bronx,X400,1110 Boston Road,Bronx,10456,40.8276,-73.90448,8:15 AM,3:30 PM,471,0.4%,26.3%,72.0%,0.8%,407,389,386,44.8%
09X517,Frederick Douglass Academy III Secondary School,Bronx,X148,3630 Third Avenue,Bronx,10456,40.83417,-73.90403,8:30 AM,4:00 PM,427,2.3%,50.4%,45.4%,0.7%,387,386,386,50.5%
09X564,Claremont International High School,Bronx,X410,240 East 172nd Street,Bronx,10457,40.84037,-73.91084,8:40 AM,3:17 PM,257,1.2%,20.6%,72.8%,4.7%,,,,
09X241,Urban Assembly School for Applied Math and Science,Bronx,X970,1595 Bathgate Avenue,Bronx,10457,40.83933,-73.90131,8:30 AM,3:30 PM,619,1.1%,33.0%,64.1%,1.4%,445,418,422,87.8%
09X227,Bronx Collegiate Academy,Bronx,X410,240 East 172nd Street,Bronx,10457,40.84037,-73.91084,8:30 AM,3:30 PM,382,0.3%,28.5%,69.1%,1.0%,395,401,382,45.5%
09X252,Mott Hall Bronx High School,Bronx,X970,1595 Bathgate Avenue,Bronx,10457,40.83933,-73.90131,8:30 AM,3:15 PM,402,1.2%,20.1%,75.6%,1.2%,417,399,398,46.2%
09X276,Leadership Institute,Bronx,X004,1701 Fulton Avenue,Bronx,10457,40.84127,-73.89798,8:30 AM,3:15 PM,207,1.9%,34.3%,63.3%,0.0%,,,,23.5%
09X350,New Directions Secondary School,Bronx,X410,240 East 172nd Street,Bronx,10457,40.84037,-73.91084,,,,,,,,,,,
09X525,Bronx Leadership Academy High School,Bronx,X876,1710 Webster Avenue,Bronx,10457,40.84358,-73.90322,8:00 AM,3:44 PM,686,0.6%,35.7%,61.7%,0.4%,375,372,374,49.1%
09X263,Validus Preparatory Academy: An Expeditionary Learning School,Bronx,X970,1595 Bathgate Avenue,Bronx,10457,40.83933,-73.90131,8:15 AM,3:15 PM,375,0.8%,26.9%,70.7%,1.6%,382,375,384,59.2%
09X413,Bronx High School for Medical Science,Bronx,X410,240 East 172nd Street,Bronx,10457,40.84037,-73.91084,7:45 AM,3:15 PM,472,0.7%,36.7%,53.4%,7.1%,431,421,426,83.9%
09X231,Eagle Academy for Young Men,Bronx,X465,4143 Third Avenue,Bronx,10457,40.84519,-73.89698,8:30 AM,4:00 PM,608,0.5%,60.7%,36.0%,0.3%,398,410,397,65.7%
09X412,Bronx High School of Business,Bronx,X410,240 East 172nd Street,Bronx,10457,40.84037,-73.91084,7:45 AM,3:15 PM,339,1.2%,33.3%,63.1%,1.5%,365,360,346,33.3%
09X329,DreamYard Preparatory School,Bronx,X410,240 East 172nd Street,Bronx,10457,40.84037,-73.91084,8:40 AM,3:15 PM,336,1.2%,33.6%,60.7%,1.5%,385,385,388,51.1%
10X225,Theatre Arts Production Company School,Bronx,X137,2225 Webster Avenue,Bronx,10457,40.85465,-73.89665,8:30 AM,3:30 PM,632,0.7%,29.2%,66.6%,1.2%,402,421,410,77.7%
10X243,West Bronx Academy for the Future,Bronx,X435,500 East Fordham Road,Bronx,10458,40.86001,-73.88823,8:30 AM,3:15 PM,599,3.0%,21.1%,72.0%,2.7%,404,383,378,57.3%
10X524,Crotona International High School,Bronx,X660,2474 Crotona Avenue,Bronx,10458,40.85592,-73.88258,8:30 AM,4:15 PM,336,1.8%,10.4%,85.7%,1.8%,,,,0.0%
10X439,Bronx High School for Law and Community Service,Bronx,X435,500 East Fordham Road,Bronx,10458,40.86001,-73.88823,8:15 AM,4:00 PM,398,1.8%,24.4%,70.9%,1.3%,401,402,386,64.8%
10X264,Bronx Academy for Software Engineering (BASE),Bronx,X660,2474 Crotona Avenue,Bronx,10458,40.85592,-73.88258,8:30 AM,3:30 PM,226,2.7%,28.8%,60.6%,7.5%,,,,
10X434,Belmont Preparatory High School,Bronx,X435,500 East Fordham Road,Bronx,10458,40.86001,-73.88823,8:15 AM,3:45 PM,416,1.9%,30.0%,65.6%,2.2%,413,408,402,55.3%
10X437,Fordham High School for the Arts,Bronx,X435,500 East Fordham Road,Bronx,10458,40.86001,-73.88823,8:00 AM,3:45 PM,401,2.5%,30.9%,65.1%,1.0%,398,404,412,56.2%
10X565,High School for Energy and Technology,Bronx,X660,2474 Crotona Avenue,Bronx,10458,40.85592,-73.88258,8:00 AM,3:45 PM,311,1.0%,26.7%,70.1%,1.3%,,,,
10X374,Knowledge and Power Preparatory Academy International High School (KAPPA),Bronx,X435,500 East Fordham Road,Bronx,10458,40.86001,-73.88823,7:30 AM,4:00 PM,487,2.1%,32.2%,61.4%,2.5%,408,417,404,66.7%
10X438,Fordham Leadership Academy for Business and Technology,Bronx,X435,500 East Fordham Road,Bronx,10458,40.86001,-73.88823,8:00 AM,4:00 PM,438,2.7%,27.6%,67.8%,1.8%,355,373,368,44.3%
12X248,Metropolitan High School,Bronx,X099,1180 Rev JA Polite Avenue,Bronx,10459,40.82523,-73.89395,8:00 AM,4:00 PM,326,0.3%,21.5%,74.8%,0.9%,387,388,386,65.9%
08X332,Holcombe L. Rucker School of Community Research,Bronx,X039,965 Longwood Avenue,Bronx,10459,40.81744,-73.89805,8:15 AM,3:15 PM,236,0.4%,43.2%,54.7%,0.4%,376,372,369,59.0%
08X530,Banana Kelly High School,Bronx,X039,965 Longwood Avenue,Bronx,10459,40.81744,-73.89805,8:45 AM,3:05 PM,325,1.2%,37.2%,60.6%,0.0%,378,391,378,25.7%
08X269,Bronx Studio School for Writers and Artists,Bronx,X392,928 Simpson Street,Bronx,10459,40.82062,-73.89307,8:20 AM,3:20 PM,565,0.6%,20.3%,76.9%,1.2%,417,412,403,71.6%
12X278,Peace and Diversity Academy,Bronx,X099,1180 Rev JA Polite Avenue,Bronx,10459,40.82523,-73.89395,8:45 AM,3:15 PM,170,1.8%,44.1%,52.4%,0.6%,366,362,365,27.1%
12X271,East Bronx Academy for the Future,Bronx,X973,1716 Southern Boulevard,Bronx,10460,40.83695,-73.88796,8:30 AM,3:00 PM,618,0.5%,25.4%,71.0%,3.0%,418,406,408,41.1%
12X511,Bronx Envision Academy,Bronx,X098,1619 Boston Road,Bronx,10460,40.83594,-73.89047,8:25 AM,3:15 PM,355,2.0%,34.4%,60.3%,2.0%,364,385,366,76.5%
12X682,Fannie Lou Hamer Freedom High School,Bronx,X878,1021 Jennings Street,Bronx,10460,40.83081,-73.88602,8:45 AM,2:45 PM,470,0.2%,28.5%,70.4%,0.4%,345,347,339,75.0%
12X251,Explorations Academy,Bronx,X098,1619 Boston Road,Bronx,10460,40.83594,-73.89047,8:00 AM,3:30 PM,358,2.0%,27.1%,69.8%,0.8%,377,372,365,43.0%
12X372,Urban Assembly School for Wildlife Conservation,Bronx,X067,2024 Mohegan Avenue,Bronx,10460,40.84404,-73.88469,8:40 AM,3:00 PM,571,2.2%,25.3%,69.4%,2.2%,393,397,379,71.1%
12X684,Wings Academy,Bronx,X879,1122 East 180th Street,Bronx,10460,40.84181,-73.87542,8:00 AM,3:00 PM,501,1.2%,58.5%,37.9%,0.8%,379,372,373,49.2%
08X348,Schuylerville Preparatory High School,Bronx,X405,3000 East Tremont Avenue,Bronx,10461,40.84051,-73.83812,8:00 AM,3:40 PM,177,6.2%,22.0%,66.7%,4.0%,,,,
08X293,Renaissance High School for Musical Theater and Technology,Bronx,X405,3000 East Tremont Avenue,Bronx,10461,40.84051,-73.83812,8:15 AM,3:00 PM,444,7.2%,27.9%,61.0%,3.2%,390,411,393,52.3%
08X558,Westchester Square Academy,Bronx,X405,3000 East Tremont Avenue,Bronx,10461,40.84051,-73.83812,8:15 AM,3:20 PM,396,8.8%,26.8%,56.6%,4.5%,,,,
08X320,Pelham Lab High School,Bronx,X405,3000 East Tremont Avenue,Bronx,10461,40.84051,-73.83812,8:00 AM,4:00 PM,211,5.2%,33.2%,52.6%,7.6%,,,,
08X405,Herbert H. Lehman High School,Bronx,X405,3000 East Tremont Avenue,Bronx,10461,40.84051,-73.83812,8:15 AM,3:45 PM,1535,10.6%,23.6%,54.9%,9.2%,426,419,407,28.9%
08X349,Bronx River High School,Bronx,X405,3000 East Tremont Avenue,Bronx,10461,40.84051,-73.83812,8:14 AM,3:36 PM,204,2.5%,29.9%,60.8%,2.9%,,,,
11X418,Bronx High School for the Visual Arts,Bronx,X839,2040 Antin Place,Bronx,10462,40.85143,-73.86502,8:15 AM,2:45 PM,483,6.8%,27.3%,61.5%,3.7%,408,428,404,32.5%
10X368,In-Tech Academy,Bronx,X368,2975 Tibbett Avenue,Bronx,10463,40.88005,-73.90921,8:30 AM,3:30 PM,1022,3.4%,10.8%,82.8%,2.8%,426,419,404,85.9%
10X284,Bronx School of Law and Finance,Bronx,X475,99 Terrace View Avenue,Bronx,10463,40.87705,-73.91234,8:00 AM,2:45 PM,426,2.6%,30.3%,64.8%,2.1%,384,394,366,48.3%
10X213,Bronx Engineering and Technology Academy,Bronx,X475,99 Terrace View Avenue,Bronx,10463,40.87705,-73.91234,8:15 AM,4:30 PM,417,1.4%,34.3%,55.9%,6.7%,394,406,391,59.6%
10X546,Bronx Theatre High School,Bronx,X475,99 Terrace View Avenue,Bronx,10463,40.87705,-73.91234,8:40 AM,4:00 PM,428,1.6%,30.1%,67.1%,0.5%,382,384,390,66.7%
10X477,Marble Hill High School for International Studies,Bronx,X475,99 Terrace View Avenue,Bronx,10463,40.87705,-73.91234,8:30 AM,4:40 PM,449,5.1%,24.5%,61.0%,8.9%,451,417,423,92.9%
10X237,"Marie Curie School for Medicine, Nursing, and Health Professions",Bronx,X143,120 West 231st Street,Bronx,10463,40.87598,-73.90123,8:00 AM,2:45 PM,583,3.3%,35.7%,56.9%,2.7%,423,420,425,68.6%
10X141,Riverdale/Kingsbridge Academy,Bronx,X141,660 West 237th Street,Bronx,10463,40.88837,-73.91409,8:20 AM,2:40 PM,1381,23.7%,12.3%,55.7%,7.7%,496,485,476,69.4%
11X513,New World High School,Bronx,X362,921 East 228th Street,Bronx,10466,40.88792,-73.85287,8:00 AM,3:00 PM,408,7.6%,9.3%,66.2%,13.7%,407,363,358,93.0%
11X514,Bronxwood Preparatory Academy,Bronx,X362,921 East 228th Street,Bronx,10466,40.88792,-73.85287,8:00 AM,3:00 PM,423,3.8%,61.9%,28.8%,3.3%,392,408,392,43.3%
11X270,Academy for Scholarship and Entrepreneurship (College Board),Bronx,X362,921 East 228th Street,Bronx,10466,40.88792,-73.85287,8:00 AM,2:56 PM,371,1.1%,63.6%,30.5%,3.2%,392,408,400,63.4%
11X544,High School for Contemporary Arts,Bronx,X425,800 East Gun Hill Road,Bronx,10467,40.87575,-73.86139,8:00 AM,2:45 PM,493,1.0%,38.1%,59.2%,0.8%,367,381,361,41.0%
11X545,Bronx Aerospace High School,Bronx,X425,800 East Gun Hill Road,Bronx,10467,40.87575,-73.86139,9:00 AM,5:00 PM,431,2.1%,29.2%,64.5%,2.3%,403,410,393,50.5%
11X290,Bronx Academy of Health Careers,Bronx,X425,800 East Gun Hill Road,Bronx,10467,40.87575,-73.86139,8:25 AM,3:15 PM,465,1.9%,44.7%,47.3%,4.7%,386,380,391,59.4%
11X275,High School of Computers and Technology,Bronx,X425,800 East Gun Hill Road,Bronx,10467,40.87575,-73.86139,8:00 AM,3:00 PM,567,1.2%,34.4%,58.0%,4.9%,396,399,377,65.6%
11X265,Bronx Lab School,Bronx,X425,800 East Gun Hill Road,Bronx,10467,40.87575,-73.86139,8:45 AM,5:00 PM,471,1.5%,39.9%,54.4%,3.6%,407,416,401,77.4%
11X253,Bronx High School for Writing and Communication Arts,Bronx,X425,800 East Gun Hill Road,Bronx,10467,40.87575,-73.86139,8:00 AM,3:00 PM,389,1.3%,45.0%,49.1%,3.3%,380,437,425,38.1%
10X433,High School for Teaching and the Professions,Bronx,X430,2780 Reservoir Avenue,Bronx,10468,40.87038,-73.89816,8:45 AM,3:45 PM,486,2.7%,20.4%,74.5%,1.9%,372,361,369,46.5%
10X445,Bronx High School of Science,Bronx,X445,75 West 205th Street,Bronx,10468,40.87706,-73.88978,8:00 AM,3:45 PM,3015,22.1%,2.6%,5.5%,62.8%,714,660,667,97.0%
10X268,Kingsbridge International High School,Bronx,X430,2780 Reservoir Avenue,Bronx,10468,40.87038,-73.89816,7:45 AM,2:45 PM,461,2.0%,5.2%,85.9%,6.5%,366,311,310,50.7%
10X549,Discovery High School,Bronx,X430,2780 Reservoir Avenue,Bronx,10468,40.87038,-73.89816,8:45 AM,3:45 PM,530,2.3%,17.4%,77.2%,2.5%,432,396,395,39.9%
10X353,World View High School,Bronx,X440,100 West Mosholu Parkway South,Bronx,10468,40.88008,-73.8859,9:00 AM,4:00 PM,173,1.2%,27.7%,68.8%,1.2%,,,,
10X442,Celia Cruz Bronx High School of Music,Bronx,X430,2780 Reservoir Avenue,Bronx,10468,40.87038,-73.89816,8:00 AM,3:45 PM,430,1.2%,25.3%,70.0%,1.4%,417,434,425,75.6%
10X696,High School of American Studies at Lehman College,Bronx,X905,2925 Goulden Avenue,Bronx,10468,40.87126,-73.89752,8:00 AM,3:00 PM,376,50.8%,4.0%,15.2%,23.1%,669,672,672,91.8%
10X440,DeWitt Clinton High School,Bronx,X440,100 West Mosholu Parkway South,Bronx,10468,40.88008,-73.8859,8:00 AM,2:46 PM,2109,3.6%,31.6%,54.5%,8.6%,445,436,433,31.8%
10X342,International School for Liberal Arts,Bronx,X430,2780 Reservoir Avenue,Bronx,10468,40.87038,-73.89816,8:00 AM,3:45 PM,561,0.5%,0.0%,99.5%,0.0%,390,387,379,19.2%
10X351,Bronx Collaborative High School,Bronx,X440,100 West Mosholu Parkway South,Bronx,10468,40.88008,-73.8859,9:00 AM,4:00 PM,223,4.9%,29.6%,62.3%,1.3%,,,,
11X299,Astor Collegiate Academy,Bronx,X415,925 Astor Avenue,Bronx,10469,40.8597,-73.86074,7:35 AM,3:55 PM,476,10.5%,33.4%,47.9%,6.5%,422,417,409,57.9%
11X542,Pelham Preparatory Academy,Bronx,X415,925 Astor Avenue,Bronx,10469,40.8597,-73.86074,8:15 AM,3:45 PM,489,6.5%,35.6%,48.9%,5.5%,420,433,425,77.0%
11X509,High School of Language and Innovation,Bronx,X415,925 Astor Avenue,Bronx,10469,40.8597,-73.86074,8:25 AM,3:15 PM,354,11.0%,11.9%,57.6%,16.7%,356,340,320,72.7%
11X288,Collegiate Institute for Math and Science,Bronx,X415,925 Astor Avenue,Bronx,10469,40.8597,-73.86074,8:15 AM,4:15 PM,687,9.5%,33.8%,43.5%,11.6%,488,461,458,79.8%
11X508,Bronxdale High School,Bronx,X415,925 Astor Avenue,Bronx,10469,40.8597,-73.86074,8:25 AM,3:55 PM,427,9.4%,28.8%,57.1%,3.0%,418,432,436,72.5%
12X388,Pan American International High School at Monroe,Bronx,X420,1300 Boynton Avenue,Bronx,10472,40.83137,-73.87882,8:30 AM,5:30 PM,428,0.0%,0.0%,100.0%,0.0%,317,315,292,65.6%
12X478,Cinema School,Bronx,X423,1551 East 172nd Street,Bronx,10472,40.83136,-73.87834,8:30 AM,3:45 PM,338,4.1%,21.9%,69.8%,3.8%,430,449,448,88.3%
12X692,Monroe Academy for Visual Arts and Design,Bronx,X420,1300 Boynton Avenue,Bronx,10472,40.83137,-73.87882,8:30 AM,3:00 PM,445,0.9%,18.0%,78.4%,1.1%,361,354,351,46.8%
12X242,Mott Hall V,Bronx,X423,1551 East 172nd Street,Bronx,10472,40.83136,-73.87834,8:00 AM,3:30 PM,669,1.7%,22.2%,70.6%,4.2%,430,422,414,77.5%
12X521,Metropolitan Soundview High School,Bronx,X420,1300 Boynton Avenue,Bronx,10472,40.83137,-73.87882,8:30 AM,3:40 PM,416,1.7%,26.2%,67.3%,2.6%,444,428,422,52.0%
12X550,High School of World Cultures,Bronx,X420,1300 Boynton Avenue,Bronx,10472,40.83137,-73.87882,8:00 AM,4:00 PM,410,1.2%,8.3%,80.2%,8.0%,356,359,347,38.2%
08X312,Millennium Art Academy,Bronx,X450,1980 Lafayette Avenue,Bronx,10473,40.8223,-73.85596,8:00 AM,3:00 PM,487,1.8%,30.0%,65.1%,2.3%,396,413,395,39.2%
08X452,Bronx Guild,Bronx,X450,1980 Lafayette Avenue,Bronx,10473,40.8223,-73.85596,8:30 AM,3:00 PM,326,1.2%,32.2%,61.7%,4.0%,365,393,357,41.3%
08X367,"Archimedes Academy for Math, Science, and Technology Applications",Bronx,X174,456 White Plains Road,Bronx,10473,40.81492,-73.85657,8:25 AM,3:15 PM,637,2.2%,30.9%,60.6%,5.5%,418,430,403,51.2%
08X432,Bronx Bridges High School,Bronx,X450,1980 Lafayette Avenue,Bronx,10473,40.8223,-73.85596,8:00 AM,3:45 PM,333,1.8%,6.6%,82.9%,7.8%,,,,1.2%
08X305,Pablo Neruda Academy,Bronx,X450,1980 Lafayette Avenue,Bronx,10473,40.8223,-73.85596,8:00 AM,3:50 PM,315,1.3%,26.0%,67.6%,4.4%,394,384,383,44.2%
08X282,Women's Academy of Excellence,Bronx,X174,456 White Plains Road,Bronx,10473,40.81492,-73.85657,8:30 AM,2:45 PM,345,2.6%,50.1%,41.2%,3.5%,386,390,389,45.2%
08X561,Bronx Compass High School,Bronx,X450,1980 Lafayette Avenue,Bronx,10473,40.8223,-73.85596,8:30 AM,3:15 PM,332,0.9%,34.6%,60.2%,2.4%,,,,
08X519,Felisa Rincon de Gautier Institute for Law and Public Policy,Bronx,X972,1440 Story Avenue,Bronx,10473,40.82117,-73.88114,8:00 AM,2:19 PM,307,2.9%,25.4%,67.8%,2.0%,389,408,413,31.3%
08X376,Antonia Pantoja Preparatory Academy (College Board),Bronx,X450,1980 Lafayette Avenue,Bronx,10473,40.8223,-73.85596,8:00 AM,2:45 PM,450,1.3%,26.2%,65.4%,6.3%,435,415,423,44.9%
11X249,Bronx Health Sciences High School,Bronx,X455,750 Baychester Avenue,Bronx,10475,40.87413,-73.8338,7:15 AM,3:00 PM,374,2.7%,51.9%,34.5%,7.5%,407,421,427,87.1%
11X455,Harry S. Truman High School,Bronx,X455,750 Baychester Avenue,Bronx,10475,40.87413,-73.8338,8:00 AM,3:00 PM,2058,2.2%,51.6%,42.7%,2.4%,400,401,391,41.5%
24Q600,Queens Vocational and Technical High School,Queens,Q600,37-02 47th Avenue,Long Island City,11101,40.74219,-73.92824,8:00 AM,4:30 PM,1553,7.3%,5.8%,74.6%,12.1%,467,436,432,53.4%
24Q267,High School of Applied Communication,Queens,Q735,30-20 Thomson Avenue,Long Island City,11101,40.74509,-73.93681,8:30 AM,3:30 PM,421,13.5%,12.6%,54.4%,15.9%,435,437,441,70.9%
24Q520,Middle College High School at LaGuardia Community College,Queens,Q520,45-35 Van Dam Street,Long Island City,11101,40.74415,-73.93363,8:00 AM,1:55 PM,514,7.0%,4.7%,79.6%,8.4%,377,389,377,48.7%
30Q301,Academy for Careers in Television and Film,Queens,Q404,1-50 51st Avenue,Long Island City,11101,40.74114,-73.94969,9:00 AM,3:30 PM,515,20.8%,15.9%,54.2%,5.8%,444,458,444,95.0%
24Q610,Aviation Career and Technical Education High School,Queens,Q610,45-30 36th Street,Long Island City,11101,40.74359,-73.92908,8:00 AM,4:30 PM,2168,11.0%,6.3%,49.0%,30.9%,511,464,456,78.6%
30Q575,Academy of American Studies,Queens,Q451,28-04 41st Avenue,Long Island City,11101,40.7513,-73.93742,9:50 AM,4:15 PM,874,28.3%,7.3%,34.3%,29.3%,495,482,479,84.8%
30Q555,Newcomers High School,Queens,Q450,28-01 41st Avenue,Long Island City,11101,40.75138,-73.93745,8:00 AM,3:00 PM,993,6.2%,2.4%,54.6%,36.7%,490,374,381,47.1%
24Q299,Bard High School Early College Queens,Queens,Q735,30-20 Thomson Avenue,Long Island City,11101,40.74509,-73.93681,9:00 AM,3:20 PM,623,34.5%,11.4%,17.0%,34.2%,631,598,610,94.1%
24Q530,International High School at LaGuardia Community College,Queens,Q520,45-35 Van Dam Street,Long Island City,11101,40.74415,-73.93363,8:00 AM,3:30 PM,509,13.0%,2.6%,45.0%,39.3%,425,367,365,71.7%
30Q502,Information Technology High School,Queens,Q725,21-16 44th Road,Long Island City,11101,40.74792,-73.94657,7:15 AM,2:05 PM,970,9.4%,14.9%,56.3%,18.2%,443,420,411,58.8%
24Q560,Robert F. Wagner Jr. Secondary School for Arts and Technology,Queens,Q891,47-07 30th Place,Long Island City,11101,40.74226,-73.93688,8:00 AM,3:00 PM,610,10.9%,4.9%,64.3%,19.2%,478,445,445,71.1%
24Q264,Academy of Finance and Enterprise,Queens,Q735,30-20 Thomson Avenue,Long Island City,11101,40.74509,-73.93681,8:15 AM,3:15 PM,478,15.3%,7.1%,51.9%,22.0%,489,456,459,92.7%
30Q286,Young Women's Leadership School in Astoria,Queens,Q739,23-15 Newtown Avenue,Astoria,11102,40.77125,-73.9246,8:00 AM,3:20 PM,572,19.6%,4.7%,38.0%,37.7%,483,464,477,100.0%
30Q445,William Cullen Bryant High School,Queens,Q445,48-10 31st Avenue,Astoria,11103,40.75812,-73.91033,8:45 AM,3:30 PM,2496,16.1%,5.6%,48.7%,28.4%,466,424,426,56.9%
30Q450,Long Island City High School,Queens,Q452,14-30 Broadway,Astoria,11106,40.76576,-73.93273,8:29 AM,3:50 PM,2123,9.0%,13.5%,60.2%,15.7%,430,423,412,51.6%
30Q501,Frank Sinatra School of the Arts High School,Queens,Q570,35-12 35th Avenue,Astoria,11106,40.75653,-73.92514,7:45 AM,3:15 PM,808,38.7%,13.6%,33.4%,10.5%,536,543,543,89.5%
30Q258,Energy Tech High School,Queens,Q204,36-41 28th Street,Astoria,11106,40.7571,-73.93262,8:45 AM,3:35 PM,227,15.9%,11.5%,42.7%,23.3%,,,,
30Q580,Baccalaureate School for Global Education,Queens,Q798,34-12 36th Avenue,Astoria,11106,40.75517,-73.92682,8:00 AM,3:00 PM,478,34.5%,2.5%,21.2%,39.6%,633,620,628,98.5%
13K419,"Science Skills Center High School for Science, Technology, and the Creative Arts",Brooklyn,K805,49 Flatbush Avenue Extension,Brooklyn,11201,40.69717,-73.98496,8:07 AM,3:40 PM,528,2.1%,70.5%,18.4%,6.8%,399,397,386,65.9%
13K439,Brooklyn International High School,Brooklyn,K805,49 Flatbush Avenue Extension,Brooklyn,11201,40.69717,-73.98496,9:15 AM,3:30 PM,345,13.9%,17.7%,26.7%,41.7%,432,334,333,92.7%
15K423,Brooklyn Frontiers High School,Brooklyn,K520,112 Schermerhorn Street,Brooklyn,11201,40.6902,-73.98927,8:20 AM,3:09 PM,,,,,,,,,
15K497,School for International Studies,Brooklyn,K293,284 Baltic Street,Brooklyn,11201,40.68545,-73.99349,8:30 AM,3:15 PM,466,9.9%,47.9%,36.3%,4.2%,417,406,394,65.1%
15K429,Brooklyn School for Global Studies,Brooklyn,K293,284 Baltic Street,Brooklyn,11201,40.68545,-73.99349,8:45 AM,3:10 PM,250,6.6%,54.8%,35.5%,2.4%,393,381,402,61.8%
13K674,"City Polytechnic High School of Engineering, Architecture, and Technology",Brooklyn,K580,105 Johnson Street,Brooklyn,11201,40.69494,-73.98604,8:40 AM,4:07 PM,458,3.5%,69.7%,19.7%,6.6%,503,477,427,18.5%
13K527,Urban Assembly Institute of Math and Science for Young Women,Brooklyn,K313,283 Adams Street,Brooklyn,11201,40.69462,-73.98862,8:30 AM,3:20 PM,470,4.9%,73.6%,14.8%,3.5%,397,415,407,82.4%
13K483,Urban Assembly School for Law and Justice,Brooklyn,K313,283 Adams Street,Brooklyn,11201,40.69462,-73.98862,8:40 AM,3:40 PM,448,0.9%,71.4%,21.9%,2.0%,446,443,430,87.6%
15K519,Cobble Hill School of American Studies,Brooklyn,K804,347 Baltic Street,Brooklyn,11201,40.68458,-73.99109,8:00 AM,3:00 PM,596,4.4%,63.8%,25.0%,4.5%,416,420,402,55.3%
13K605,George Westinghouse Career and Technical Education High School,Brooklyn,K580,105 Johnson Street,Brooklyn,11201,40.69494,-73.98604,8:30 AM,3:30 PM,634,2.1%,74.4%,19.7%,2.5%,394,422,400,45.3%
13K350,Urban Assembly High School of Music and Art,Brooklyn,K805,49 Flatbush Avenue Extension,Brooklyn,11201,40.69717,-73.98496,8:30 AM,4:00 PM,387,0.5%,77.5%,20.7%,0.5%,372,372,361,55.1%
18K629,Cultural Academy for the Arts and Sciences,Brooklyn,K415,5800 Tilden Avenue,Brooklyn,11203,40.64866,-73.9219,8:00 AM,3:00 PM,353,0.6%,90.4%,8.5%,0.6%,382,395,384,57.3%
17K745,Brooklyn Institute for Liberal Arts,Brooklyn,K470,600 Kingston Avenue,Brooklyn,11203,40.65952,-73.94255,8:00 AM,3:00 PM,253,0.4%,94.1%,3.2%,1.6%,,,,
18K569,Kurt Hahn Expeditionary Learning School,Brooklyn,K415,5800 Tilden Avenue,Brooklyn,11203,40.64866,-73.9219,8:30 AM,3:30 PM,341,0.3%,91.2%,6.7%,1.2%,378,394,388,72.6%
17K531,School for Human Rights,Brooklyn,K470,600 Kingston Avenue,Brooklyn,11203,40.65952,-73.94255,8:00 AM,3:00 PM,424,1.0%,90.7%,6.5%,1.4%,398,411,400,60.8%
18K563,It Takes a Village Academy,Brooklyn,K415,5800 Tilden Avenue,Brooklyn,11203,40.64866,-73.9219,8:15 AM,4:15 PM,566,1.1%,90.3%,5.7%,0.5%,364,374,361,62.2%
17K546,High School for Public Service: Heroes of Tomorrow,Brooklyn,K470,600 Kingston Avenue,Brooklyn,11203,40.65952,-73.94255,8:30 AM,3:15 PM,454,1.1%,75.8%,17.4%,5.3%,468,454,464,95.4%
18K589,Arts and Media Preparatory Academy,Brooklyn,K232,905 Winthrop Street,Brooklyn,11203,40.65846,-73.92903,8:50 AM,3:40 PM,279,1.4%,82.8%,12.5%,1.1%,370,383,374,64.2%
17K533,School for Democracy and Leadership,Brooklyn,K470,600 Kingston Avenue,Brooklyn,11203,40.65952,-73.94255,8:00 AM,2:50 PM,319,2.3%,87.6%,7.4%,0.8%,386,385,390,53.5%
20K609,Urban Assembly School for Criminal Justice,Brooklyn,K223,4200 16th Avenue,Brooklyn,11204,40.63491,-73.98152,8:45 AM,3:45 PM,496,15.0%,17.5%,20.4%,46.5%,428,413,417,83.6%
20K505,Franklin Delano Roosevelt High School,Brooklyn,K505,5800 20th Avenue,Brooklyn,11204,40.62026,-73.98201,9:30 AM,4:15 PM,3220,18.6%,11.5%,29.3%,40.1%,504,411,407,54.0%
13K412,"Brooklyn Community High School of Communication, Arts, and Media",Brooklyn,K117,300 Willoughby Avenue,Brooklyn,11205,40.69258,-73.95887,8:30 AM,3:20 PM,404,0.7%,78.5%,17.8%,1.2%,358,386,380,51.7%
13K265,Dr. Susan S. McKinney Secondary School of the Arts,Brooklyn,K265,101 Park Avenue,Brooklyn,11205,40.69634,-73.97577,8:00 AM,3:15 PM,421,0.7%,73.0%,22.8%,0.7%,332,346,350,55.1%
13K670,Benjamin Banneker Academy,Brooklyn,K914,71-77 Clinton Avenue,Brooklyn,11205,40.69566,-73.96929,8:00 AM,3:00 PM,916,0.5%,86.4%,8.6%,3.4%,479,484,472,85.5%
14K071,Juan Morel Campos Secondary School,Brooklyn,K071,215 Heyward Street,Brooklyn,11206,40.70358,-73.95324,8:00 AM,2:15 PM,692,2.5%,13.6%,82.7%,0.3%,366,356,353,56.3%
14K449,Brooklyn Latin School,Brooklyn,K049,223 Graham Avenue,Brooklyn,11206,40.7099,-73.94366,8:00 AM,2:30 PM,676,13.5%,19.4%,14.5%,36.1%,625,588,591,97.5%
14K322,Foundations Academy,Brooklyn,K033,70 Tompkins Avenue,Brooklyn,11206,40.69706,-73.94668,8:30 AM,3:30 PM,113,0.0%,67.3%,29.2%,1.8%,,,,18.9%
14K614,Young Women's Leadership School of Brooklyn,Brooklyn,K147,325 Bushwick Avenue,Brooklyn,11206,40.7056,-73.93948,7:30 AM,2:45 PM,380,0.8%,63.8%,28.3%,3.3%,,,,0.0%
14K454,Green School: An Academy for Environmental Careers,Brooklyn,K049,223 Graham Avenue,Brooklyn,11206,40.7099,-73.94366,8:00 AM,3:30 PM,276,1.4%,38.0%,59.1%,0.7%,384,398,399,41.1%
14K586,Lyons Community School,Brooklyn,K049,223 Graham Avenue,Brooklyn,11206,40.7099,-73.94366,8:40 AM,3:30 PM,520,2.4%,39.8%,55.8%,1.8%,374,376,357,56.3%
19K510,World Academy for Total Community Health High School,Brooklyn,K435,400 Pennsylvania Avenue,Brooklyn,11207,40.66755,-73.8948,8:05 AM,2:20 PM,284,1.4%,75.7%,19.0%,2.5%,380,389,384,40.9%
19K502,FDNY High School for Fire and Life Safety,Brooklyn,K435,400 Pennsylvania Avenue,Brooklyn,11207,40.66755,-73.8948,8:00 AM,3:00 PM,324,1.9%,71.6%,24.4%,1.2%,365,369,357,47.7%
19K660,W. H. Maxwell Career and Technical Education High School,Brooklyn,K660,145 Pennsylvania Avenue,Brooklyn,11207,40.67422,-73.89645,8:00 AM,3:07 PM,506,0.6%,69.6%,28.1%,1.0%,326,333,350,38.5%
19K504,High School for Civil Rights,Brooklyn,K435,400 Pennsylvania Avenue,Brooklyn,11207,40.66755,-73.8948,8:00 AM,3:15 PM,319,1.9%,74.0%,22.9%,0.3%,391,373,376,26.4%
19K507,Performing Arts and Technology High School,Brooklyn,K435,400 Pennsylvania Avenue,Brooklyn,11207,40.66755,-73.8948,8:05 AM,3:00 PM,406,0.5%,80.8%,18.2%,0.2%,375,393,394,39.8%
19K409,East New York Family Academy,Brooklyn,K819,2057 Linden Boulevard,Brooklyn,11207,40.66064,-73.88634,8:00 AM,3:00 PM,479,0.4%,67.6%,29.5%,2.2%,464,451,421,66.7%
19K639,Brooklyn Lab School,Brooklyn,K420,999 Jamaica Avenue,Brooklyn,11208,40.69114,-73.86843,8:22 AM,3:11 PM,334,0.9%,35.6%,56.9%,5.4%,383,376,370,46.8%
19K583,Multicultural High School,Brooklyn,K420,999 Jamaica Avenue,Brooklyn,11208,40.69114,-73.86843,8:15 AM,3:15 PM,229,0.4%,0.0%,99.6%,0.0%,319,323,284,28.6%
19K683,"School for Classics: An Academy of Thinkers, Writers, and Performers",Brooklyn,K218,370 Fountain Avenue,Brooklyn,11208,40.67068,-73.87422,8:00 AM,3:00 PM,308,4.2%,60.7%,26.0%,7.8%,387,391,383,52.8%
19K764,Urban Assembly School for Collaborative Healthcare,Brooklyn,K420,999 Jamaica Avenue,Brooklyn,11208,40.69114,-73.86843,8:15 AM,3:15 PM,62,4.8%,40.3%,32.3%,11.3%,,,,
19K422,Spring Creek Community School,Brooklyn,K422,1065 Elton Street,Brooklyn,11208,40.65752,-73.87478,,,,,,,,,,,
19K615,Transit Tech Career and Technical Education High School,Brooklyn,K615,1 Wells Street,Brooklyn,11208,40.67823,-73.87597,8:30 AM,2:45 PM,1093,1.3%,63.6%,27.2%,6.1%,387,387,384,37.2%
19K659,Cypress Hills Collegiate Preparatory School,Brooklyn,K420,999 Jamaica Avenue,Brooklyn,11208,40.69114,-73.86843,8:10 AM,3:00 PM,330,3.3%,19.7%,71.2%,4.5%,365,370,362,53.8%
19K404,Academy for Young Writers,Brooklyn,K422,1065 Elton Street,Brooklyn,11208,40.65752,-73.87478,9:05 AM,3:30 PM,547,1.2%,73.1%,21.9%,1.5%,382,413,391,81.2%
19K618,Academy of Innovative Technology,Brooklyn,K420,999 Jamaica Avenue,Brooklyn,11208,40.69114,-73.86843,7:45 AM,2:30 PM,413,1.2%,45.5%,45.5%,5.3%,395,376,359,57.4%
20K490,Fort Hamilton High School,Brooklyn,K490,8301 Shore Road,Brooklyn,11209,40.62791,-74.03995,9:00 AM,3:45 PM,4372,34.1%,4.5%,29.2%,30.1%,513,456,451,68.7%
22K405,Midwood High School,Brooklyn,K405,2839 Bedford Avenue,Brooklyn,11210,40.63334,-73.95292,8:45 AM,3:30 PM,3787,23.3%,29.8%,12.5%,33.7%,550,514,516,85.7%
14K474,PROGRESS High School for Professional Careers,Brooklyn,K450,850 Grand Street,Brooklyn,11211,40.71196,-73.94043,8:00 AM,2:45 PM,1098,0.8%,35.1%,62.6%,1.0%,380,377,384,44.9%
14K478,"High School for Enterprise, Business, and Technology",Brooklyn,K450,850 Grand Street,Brooklyn,11211,40.71196,-73.94043,7:45 AM,3:45 PM,1001,2.5%,36.1%,56.9%,4.0%,463,446,425,54.5%
14K488,Brooklyn Preparatory High School,Brooklyn,K650,257 North 6th Street,Brooklyn,11211,40.71504,-73.95465,8:20 AM,3:10 PM,494,2.0%,54.7%,40.3%,2.4%,391,406,391,74.5%
14K685,El Puente Academy for Peace and Justice,Brooklyn,K778,250 Hooper Street,Brooklyn,11211,40.70577,-73.95573,9:00 AM,3:30 PM,245,1.2%,11.8%,85.3%,0.0%,344,380,379,62.5%
14K477,School for Legal Studies,Brooklyn,K450,850 Grand Street,Brooklyn,11211,40.71196,-73.94043,8:00 AM,3:30 PM,598,1.3%,45.8%,50.0%,1.0%,393,390,394,34.8%
14K561,Williamsburg Preparatory School,Brooklyn,K650,257 North 6th Street,Brooklyn,11211,40.71504,-73.95465,8:15 AM,3:15 PM,682,10.0%,16.4%,69.6%,2.6%,443,440,430,87.8%
14K558,Williamsburg High School for Architecture and Design,Brooklyn,K650,257 North 6th Street,Brooklyn,11211,40.71504,-73.95465,8:15 AM,3:15 PM,595,4.2%,31.6%,60.0%,2.4%,415,424,407,60.1%
23K514,Frederick Douglass Academy VII High School,Brooklyn,K175,226 Bristol Street,Brooklyn,11212,40.66581,-73.9117,9:07 AM,3:27 PM,319,0.3%,88.1%,11.3%,0.0%,400,407,394,65.4%
23K697,Teachers Preparatory High School,Brooklyn,K175,226 Bristol Street,Brooklyn,11212,40.66581,-73.9117,8:20 AM,2:40 PM,390,0.6%,83.0%,15.7%,0.3%,394,399,412,56.6%
17K122,Pathways in Technology Early College High School,Brooklyn,K625,150 Albany Avenue,Brooklyn,11213,40.6754,-73.93888,8:15 AM,4:30 PM,438,0.7%,85.6%,9.1%,3.0%,446,442,410,69.4%
17K751,Academy for Health Careers,Brooklyn,K625,150 Albany Avenue,Brooklyn,11213,40.6754,-73.93888,8:30 AM,2:45 PM,373,0.8%,85.5%,8.8%,1.6%,406,405,396,48.1%
16K455,Boys and Girls High School,Brooklyn,K455,1700 Fulton Street,Brooklyn,11213,40.67943,-73.93243,8:15 AM,3:15 PM,648,1.7%,87.2%,8.6%,0.9%,399,392,394,35.6%
16K765,Nelson Mandela School for Social Justice,Brooklyn,K455,1700 Fulton Street,Brooklyn,11213,40.67943,-73.93243,8:30 AM,4:00 PM,124,2.4%,86.3%,10.5%,0.0%,,,,
21K348,High School of Sports Management,Brooklyn,K400,2630 Benson Avenue,Brooklyn,11214,40.59359,-73.98473,7:45 AM,3:45 PM,290,5.5%,72.4%,16.9%,3.8%,367,374,361,56.2%
21K690,Brooklyn Studio Secondary School,Brooklyn,K721,8310 21st Avenue,Brooklyn,11214,40.60488,-73.99442,8:00 AM,2:30 PM,901,53.3%,5.1%,25.0%,16.2%,458,434,434,67.8%
21K337,International High School at Lafayette,Brooklyn,K400,2630 Benson Avenue,Brooklyn,11214,40.59359,-73.98473,9:15 AM,4:00 PM,358,25.7%,8.7%,24.0%,41.1%,424,343,337,84.3%
21K572,Expeditionary Learning School for Community Leaders,Brooklyn,K400,2630 Benson Avenue,Brooklyn,11214,40.59359,-73.98473,8:25 AM,3:15 PM,271,23.2%,17.3%,42.1%,15.5%,420,396,396,75.0%
20K445,New Utrecht High School,Brooklyn,K445,1601 80th Street,Brooklyn,11214,40.61342,-74.00365,8:00 AM,3:00 PM,3480,27.6%,4.0%,29.0%,38.6%,488,422,417,63.2%
21K559,Life Academy High School for Film and Music,Brooklyn,K400,2630 Benson Avenue,Brooklyn,11214,40.59359,-73.98473,8:15 AM,3:00 PM,271,13.7%,51.7%,26.6%,7.4%,369,379,378,70.2%
21K468,Kingsborough Early College School,Brooklyn,K400,2630 Benson Avenue,Brooklyn,11214,40.59359,-73.98473,8:00 AM,2:20 PM,564,42.5%,25.7%,24.3%,6.6%,474,462,449,65.8%
15K463,Secondary School for Journalism,Brooklyn,K460,237 7th Avenue,Brooklyn,11215,40.6696,-73.97926,8:25 AM,3:12 PM,285,6.3%,46.7%,37.5%,7.4%,408,435,415,58.8%
15K684,Millennium Brooklyn High School,Brooklyn,K460,237 7th Avenue,Brooklyn,11215,40.6696,-73.97926,8:00 AM,2:30 PM,566,31.1%,26.0%,27.2%,9.5%,553,551,539,79.6%
15K464,Park Slope Collegiate,Brooklyn,K460,237 7th Avenue,Brooklyn,11215,40.6696,-73.97926,8:15 AM,3:15 PM,423,3.6%,46.4%,36.5%,7.9%,405,377,395,59.6%
15K462,Secondary School for Law,Brooklyn,K460,237 7th Avenue,Brooklyn,11215,40.6696,-73.97926,8:25 AM,3:12 PM,351,3.4%,66.4%,25.9%,2.0%,420,424,414,74.7%
13K595,Bedford Academy High School,Brooklyn,K994,1119 Bedford Avenue,Brooklyn,11216,40.68538,-73.95427,8:00 AM,4:15 PM,364,0.8%,84.6%,7.7%,3.0%,505,464,456,96.2%
15K592,Khalil Gibran International Academy,Brooklyn,K806,362 Schermerhorn Street,Brooklyn,11217,40.68674,-73.98023,8:00 AM,3:00 PM,174,27.6%,48.3%,6.3%,15.5%,,,,
15K656,Brooklyn High School of the Arts,Brooklyn,K655,345 Dean Street,Brooklyn,11217,40.68365,-73.98047,8:15 AM,3:00 PM,870,2.0%,70.3%,22.5%,1.7%,439,441,436,80.6%
13K430,Brooklyn Technical High School,Brooklyn,K430,29 Ft Greene Place,Brooklyn,11217,40.68811,-73.97675,8:45 AM,3:15 PM,5447,20.5%,7.7%,7.6%,60.5%,682,608,606,95.5%
22K555,Brooklyn College Academy,Brooklyn,K917,350 Coney Island Avenue,Brooklyn,11218,40.6492,-73.97169,8:00 AM,3:00 PM,605,4.6%,72.2%,9.1%,7.9%,502,495,493,98.1%
20K485,High School of Telecommunication Arts and Technology,Brooklyn,K485,350 67th Street,Brooklyn,11220,40.63725,-74.02382,8:00 AM,3:00 PM,1329,16.3%,7.7%,56.7%,18.0%,475,440,445,81.6%
32K545,EBC High School for Public Service in Bushwick,Brooklyn,K913,1155 Dekalb Avenue,Brooklyn,11221,40.69448,-73.92915,8:00 AM,3:45 PM,514,0.2%,8.0%,90.7%,0.4%,389,374,378,50.0%
16K498,Brooklyn High School for Law and Technology,Brooklyn,K987,1396 Broadway,Brooklyn,11221,40.68893,-73.92108,8:00 AM,3:00 PM,596,1.2%,71.1%,23.8%,2.5%,395,401,383,62.7%
16K688,Brooklyn Academy of Global Finance,Brooklyn,K057,125 Stuyvesant Avenue,Brooklyn,11221,40.69154,-73.93373,8:15 AM,3:12 PM,152,2.0%,71.7%,20.4%,5.9%,395,382,391,45.9%
16K393,Frederick Douglass Academy IV Secondary School,Brooklyn,K026,1014 Lafayette Avenue,Brooklyn,11221,40.69213,-73.9315,8:00 AM,2:20 PM,92,1.1%,82.6%,14.1%,1.1%,,,,42.9%
32K556,Bushwick Leaders High School for Academic Excellence,Brooklyn,K865,797 Bushwick Avenue,Brooklyn,11221,40.695,-73.92799,8:15 AM,4:45 PM,317,0.3%,16.7%,81.4%,0.9%,393,368,382,46.8%
14K610,Automotive High School,Brooklyn,K610,50 Bedford Avenue,Brooklyn,11222,40.72264,-73.95258,8:45 AM,3:50 PM,383,2.9%,55.9%,38.1%,1.6%,367,381,328,31.6%
14K632,Frances Perkins Academy,Brooklyn,K610,50 Bedford Avenue,Brooklyn,11222,40.72264,-73.95258,8:00 AM,3:00 PM,142,2.1%,62.7%,32.4%,0.7%,399,413,400,46.3%
21K540,John Dewey High School,Brooklyn,K540,50 Avenue X,Brooklyn,11223,40.58924,-73.98175,8:13 AM,3:05 PM,2006,13.7%,28.6%,20.7%,35.8%,512,418,396,62.7%
21K344,Rachel Carson High School for Coastal Studies,Brooklyn,K303,521 West Avenue,Brooklyn,11224,40.58212,-73.97289,8:00 AM,3:15 PM,560,43.6%,22.5%,22.3%,10.2%,436,430,421,68.4%
17K548,Brooklyn School for Music and Theatre,Brooklyn,K440,883 Classon Avenue,Brooklyn,11225,40.6703,-73.96165,8:10 AM,3:00 PM,386,0.8%,82.6%,15.8%,0.8%,382,393,377,72.2%
17K547,Brooklyn Academy of Science and the Environment,Brooklyn,K440,883 Classon Avenue,Brooklyn,11225,40.6703,-73.96165,8:30 AM,4:15 PM,453,1.3%,80.1%,12.6%,5.3%,419,411,416,58.5%
17K590,Medgar Evers College Preparatory School,Brooklyn,K590,1186 Carroll Street,Brooklyn,11225,40.66716,-73.95086,7:15 AM,3:15 PM,1271,0.6%,90.9%,3.3%,2.9%,525,500,481,89.0%
17K600,Clara Barton High School,Brooklyn,K600,901 Classon Avenue,Brooklyn,11225,40.67027,-73.96165,8:15 AM,3:30 PM,1499,0.9%,89.5%,5.7%,1.8%,408,424,407,55.0%
17K524,International High School at Prospect Heights,Brooklyn,K440,883 Classon Avenue,Brooklyn,11225,40.6703,-73.96165,8:30 AM,3:15 PM,414,13.3%,29.0%,38.9%,18.4%,344,302,300,81.7%
17K528,High School for Global Citizenship,Brooklyn,K440,883 Classon Avenue,Brooklyn,11225,40.6703,-73.96165,8:00 AM,3:00 PM,246,2.8%,82.1%,13.0%,1.6%,377,386,375,61.9%
17K543,"Science, Technology, and Research Early College High School at Erasmus",Brooklyn,K465,911 Flatbush Avenue,Brooklyn,11226,40.64944,-73.95843,8:00 AM,2:45 PM,516,0.9%,87.1%,6.4%,4.0%,496,491,484,91.5%
17K382,Academy for College Preparation and Career Exploration (College Board),Brooklyn,K465,911 Flatbush Avenue,Brooklyn,11226,40.64944,-73.95843,8:00 AM,3:30 PM,505,0.8%,84.6%,12.3%,1.7%,386,397,393,57.3%
17K537,High School for Youth and Community Development at Erasmus,Brooklyn,K465,911 Flatbush Avenue,Brooklyn,11226,40.64944,-73.95843,8:00 AM,3:00 PM,384,2.1%,85.4%,8.9%,2.3%,360,382,359,63.2%
17K539,High School for Service and Learning at Erasmus,Brooklyn,K465,911 Flatbush Avenue,Brooklyn,11226,40.64944,-73.95843,8:00 AM,3:40 PM,445,2.0%,82.5%,10.6%,2.7%,377,382,356,45.5%
17K408,Academy of Hospitality and Tourism,Brooklyn,K465,911 Flatbush Avenue,Brooklyn,11226,40.64944,-73.95843,8:00 AM,2:45 PM,285,1.1%,84.6%,10.2%,3.5%,374,385,375,62.0%
22K425,James Madison High School,Brooklyn,K425,3787 Bedford Avenue,Brooklyn,11229,40.60976,-73.94845,8:10 AM,2:48 PM,3088,44.3%,17.4%,16.7%,21.2%,492,450,444,69.0%
21K525,Edward R. Murrow High School,Brooklyn,K525,1600 Avenue L,Brooklyn,11230,40.6205,-73.95923,8:05 AM,2:45 PM,3968,26.7%,22.6%,21.7%,26.6%,500,479,472,75.2%
15K448,Brooklyn Secondary School for Collaborative Studies,Brooklyn,K142,610 Henry Street,Brooklyn,11231,40.67986,-74.00148,8:30 AM,2:50 PM,685,9.3%,38.5%,45.3%,5.8%,401,411,404,84.1%
15K667,Sunset Park High School,Brooklyn,K564,153 35th Street,Brooklyn,11232,40.65595,-74.0055,8:45 AM,3:30 PM,1333,6.8%,8.5%,77.3%,7.3%,398,380,381,61.6%
23K493,Brooklyn Collegiate (College Board),Brooklyn,K055,2021 Bergen Street,Brooklyn,11233,40.67414,-73.91349,8:30 AM,2:45 PM,353,0.3%,87.5%,9.6%,1.4%,394,395,399,64.4%
16K594,Gotham Professional Arts Academy,Brooklyn,K040,265 Ralph Avenue,Brooklyn,11233,40.68046,-73.9222,8:45 AM,3:15 PM,226,1.3%,81.9%,14.6%,0.9%,377,396,386,50.7%
23K644,Eagle Academy for Young Men II,Brooklyn,K271,1137 Herkimer Street,Brooklyn,11233,40.67783,-73.91582,8:45 AM,3:00 PM,576,1.9%,85.3%,11.9%,0.0%,,,,0.0%
22K535,Leon M. Goldstein High School for the Sciences,Brooklyn,K535,1830 Shore Boulevard,Brooklyn,11235,40.58085,-73.93609,8:15 AM,2:30 PM,1081,59.1%,10.2%,10.6%,18.7%,563,534,543,94.0%
21K410,Abraham Lincoln High School,Brooklyn,K410,2800 Ocean Parkway,Brooklyn,11235,40.58231,-73.96747,7:28 AM,3:10 PM,2341,20.1%,39.8%,23.7%,15.1%,441,422,422,54.9%
22K611,Origins High School,Brooklyn,K495,3000 Avenue X,Brooklyn,11235,40.59419,-73.93684,8:45 AM,4:00 PM,213,22.5%,42.3%,21.6%,12.7%,,,,
21K620,William E. Grady Career and Technical Education High School,Brooklyn,K620,25 Brighton 4th Road,Brooklyn,11235,40.58255,-73.96372,8:00 AM,3:30 PM,613,6.4%,68.7%,18.1%,5.4%,416,423,387,31.4%
18K642,Urban Action Academy,Brooklyn,K500,1600 Rockaway Parkway,Brooklyn,11236,40.64184,-73.89869,8:10 AM,3:20 PM,309,4.2%,79.0%,12.3%,2.9%,362,396,393,44.9%
18K566,Brooklyn Generation School,Brooklyn,K515,6565 Flatlands Avenue,Brooklyn,11236,40.63263,-73.9178,8:30 AM,3:20 PM,286,1.4%,85.0%,8.7%,1.7%,392,406,403,50.0%
18K633,High School for Medical Professions,Brooklyn,K500,1600 Rockaway Parkway,Brooklyn,11236,40.64184,-73.89869,8:00 AM,3:00 PM,432,0.2%,81.9%,13.2%,2.8%,404,427,424,60.2%
18K617,High School for Innovation in Advertising and Media,Brooklyn,K500,1600 Rockaway Parkway,Brooklyn,11236,40.64184,-73.89869,8:00 AM,3:15 PM,303,2.6%,85.8%,9.6%,1.3%,390,410,397,59.1%
18K576,Victory Collegiate High School,Brooklyn,K515,6565 Flatlands Avenue,Brooklyn,11236,40.63263,-73.9178,8:30 AM,3:30 PM,331,1.2%,88.8%,6.3%,0.9%,386,408,402,72.7%
18K567,Brooklyn Theatre Arts High School,Brooklyn,K515,6565 Flatlands Avenue,Brooklyn,11236,40.63263,-73.9178,8:30 AM,3:23 PM,395,1.8%,82.0%,13.2%,0.5%,379,393,373,69.1%
18K637,Academy for Conservation and the Environment,Brooklyn,K515,6565 Flatlands Avenue,Brooklyn,11236,40.63263,-73.9178,8:33 AM,3:19 PM,308,1.3%,86.0%,9.7%,1.6%,381,397,390,50.8%
32K554,All City Leadership Secondary School,Brooklyn,K554,321 Palmetto Street,Brooklyn,11237,40.69741,-73.91315,7:45 AM,2:30 PM,358,1.7%,14.6%,77.0%,6.2%,467,446,448,85.0%
32K168,Brooklyn School for Math and Research,Brooklyn,K480,400 Irving Avenue,Brooklyn,11237,40.69696,-73.91082,8:15 AM,3:45 PM,247,4.5%,53.8%,38.1%,2.4%,,,,0.0%
32K549,Bushwick School for Social Justice,Brooklyn,K480,400 Irving Avenue,Brooklyn,11237,40.69696,-73.91082,8:15 AM,3:00 PM,405,2.5%,20.5%,76.0%,0.5%,365,357,357,50.0%
32K403,Academy for Environmental Leadership,Brooklyn,K480,400 Irving Avenue,Brooklyn,11237,40.69696,-73.91082,8:00 AM,3:00 PM,340,1.5%,19.4%,77.1%,1.8%,365,366,348,71.3%
32K552,Academy of Urban Planning,Brooklyn,K480,400 Irving Avenue,Brooklyn,11237,40.69696,-73.91082,8:15 AM,3:45 PM,279,0.7%,23.3%,73.8%,0.7%,392,374,379,41.9%
13K499,ACORN Community High School,Brooklyn,K909,561 Grand Avenue,Brooklyn,11238,40.67851,-73.96207,8:15 AM,3:15 PM,504,1.6%,83.5%,12.9%,1.0%,379,395,385,61.3%
25Q460,Flushing High School,Queens,Q460,35-01 Union Street,Flushing,11354,40.76524,-73.82786,8:51 AM,3:37 PM,2186,3.7%,23.7%,51.1%,20.3%,444,407,405,46.1%
25Q241,Queens High School for Language Studies,Queens,Q460,35-01 Union Street,Flushing,11354,40.76524,-73.82786,8:00 AM,3:37 PM,205,2.4%,10.2%,23.9%,61.0%,,,,
25Q240,Veritas Academy,Queens,Q460,35-01 Union Street,Flushing,11354,40.76524,-73.82786,7:50 AM,2:40 PM,275,12.7%,13.8%,52.4%,20.0%,,,,
25Q281,East-West School of International Studies,Queens,Q237,46-21 Colden Street,Flushing,11355,40.7493,-73.82181,7:50 AM,3:00 PM,666,5.3%,14.9%,18.3%,60.7%,521,457,451,89.4%
25Q263,Flushing International High School,Queens,Q189,144-80 Barclay Avenue,Flushing,11355,40.76041,-73.81838,8:40 AM,3:30 PM,437,2.5%,2.5%,38.4%,55.6%,481,323,323,67.7%
25Q285,World Journalism Preparatory (College Board),Queens,Q025,34-65 192nd Street,Flushing,11358,40.76512,-73.79006,8:00 AM,3:00 PM,610,50.3%,9.1%,22.7%,15.8%,484,491,487,89.2%
26Q495,Bayside High School,Queens,Q405,32-24 Corporal Kennedy Street,Bayside,11361,40.77187,-73.78039,8:00 AM,3:30 PM,3336,18.1%,13.0%,27.9%,40.3%,523,479,485,76.7%
26Q415,Benjamin N. Cardozo High School,Queens,Q415,57-00 223rd Street,Oakland Gardens,11364,40.75239,-73.75608,9:00 AM,4:00 PM,3505,14.9%,20.3%,19.4%,44.1%,563,505,510,75.6%
26Q430,Francis Lewis High School,Queens,Q430,58-20 Utopia Parkway,Fresh Meadows,11365,40.74056,-73.79285,8:30 AM,3:15 PM,4172,14.9%,7.4%,23.1%,53.9%,562,483,485,80.7%
25Q252,Queens School of Inquiry,Queens,Q168,158-40 76th Road,Fresh Meadows,11366,40.72452,-73.80943,8:38 AM,2:57 PM,557,19.2%,19.5%,21.8%,36.2%,516,493,486,88.2%
25Q670,Robert F. Kennedy Community High School,Queens,Q707,75-40 Parsons Boulevard,Fresh Meadows,11366,40.7256,-73.81072,8:00 AM,2:30 PM,701,18.3%,13.0%,35.5%,31.2%,460,426,423,67.3%
25Q425,John Bowne High School,Queens,Q425,63-25 Main Street,Flushing,11367,40.7387,-73.82479,9:08 AM,3:47 PM,3667,4.5%,18.4%,46.0%,29.4%,467,422,425,62.1%
25Q525,Townsend Harris High School,Queens,Q515,149-11 Melbourne Avenue,Flushing,11367,40.73441,-73.82142,8:20 AM,3:00 PM,1132,21.9%,6.3%,11.6%,58.6%,680,640,661,97.1%
24Q550,High School for Arts and Business,Queens,Q456,105-25 Horace Harding Expressway,Corona,11368,40.73742,-73.85331,8:45 AM,4:00 PM,870,4.1%,7.8%,77.2%,10.2%,413,405,393,76.7%
24Q293,Civic Leadership Academy,Queens,Q744,45-10 94th Street,Elmhurst,11373,40.7433,-73.87057,8:30 AM,3:30 PM,479,5.6%,7.9%,71.8%,9.8%,435,424,418,68.9%
24Q585,Maspeth High School,Queens,Q585,54-40 74th Street,Elmhurst,11373,40.72954,-73.88739,8:15 AM,3:05 PM,973,35.8%,2.0%,44.6%,17.5%,476,471,480,90.0%
24Q296,Pan American International High School,Queens,Q744,45-10 94th Street,Elmhurst,11373,40.7433,-73.87057,8:30 AM,3:15 PM,378,0.0%,0.0%,99.7%,0.3%,340,320,318,31.9%
24Q236,International High School for Health Sciences,Queens,Q455,48-01 90th Street,Elmhurst,11373,40.74121,-73.87473,8:30 AM,3:30 PM,159,8.8%,5.7%,63.5%,21.4%,,,,
24Q455,Newtown High School,Queens,Q455,48-01 90th Street,Elmhurst,11373,40.74121,-73.87473,8:00 AM,3:30 PM,1921,4.3%,8.3%,61.4%,24.0%,434,401,389,39.1%
28Q440,Forest Hills High School,Queens,Q440,67-01 110th Street,Forest Hills,11375,40.72943,-73.84563,,,3840,30.0%,9.6%,33.8%,24.6%,517,485,483,72.8%
28Q167,Metropolitan Expeditionary Learning School,Queens,Q686,91-30 Metropolitan Avenue,Forest Hills,11375,40.71044,-73.85063,8:30 AM,3:20 PM,722,27.4%,16.5%,37.3%,14.0%,,,,
28Q686,Queens Metropolitan High School,Queens,Q686,91-30 Metropolitan Avenue,Forest Hills,11375,40.71044,-73.85063,8:00 AM,2:50 PM,1035,35.7%,4.2%,46.9%,11.0%,460,448,449,76.4%
24Q485,Grover Cleveland High School,Queens,Q485,21-27 Himrod Street,Ridgewood,11385,40.71122,-73.90865,8:30 AM,3:15 PM,1828,18.9%,4.5%,65.7%,9.7%,452,422,416,38.9%
29Q313,Benjamin Franklin High School for Finance and Information Technology,Queens,Q490,207-01 116th Avenue,Cambria Heights,11411,40.69781,-73.74586,8:30 AM,4:00 PM,113,1.8%,70.8%,12.4%,12.4%,,,,
29Q498,Humanities and Arts Magnet High School,Queens,Q490,207-01 116th Avenue,Cambria Heights,11411,40.69554,-73.73492,8:00 AM,2:45 PM,525,1.1%,81.0%,11.8%,5.5%,384,409,401,60.2%
29Q243,Institute for Health Professions at Cambria Heights,Queens,Q490,207-01 116th Avenue,Cambria Heights,11411,40.69554,-73.73492,8:35 AM,3:32 PM,199,1.0%,73.9%,12.6%,9.0%,,,,
29Q492,"Mathematics, Science Research, and Technology Magnet High School",Queens,Q490,207-01 116th Avenue,Cambria Heights,11411,40.69554,-73.73492,8:00 AM,2:25 PM,433,1.6%,72.3%,11.8%,9.9%,380,418,388,54.9%
29Q259,Pathways College Preparatory School (College Board),Queens,Q192,109-89 204th Street,Saint Albans,11412,40.70639,-73.75353,8:00 AM,3:07 PM,599,1.3%,89.7%,5.7%,2.8%,405,427,409,72.4%
29Q265,Excelsior Preparatory High School,Queens,Q420,143-10 Springfield Boulevard,Springfield Gardens,11413,40.66823,-73.75684,8:10 AM,3:07 PM,491,1.2%,82.7%,9.2%,3.7%,384,407,400,70.1%
29Q283,Preparatory Academy for Writers (College Board),Queens,Q420,143-10 Springfield Boulevard,Springfield Gardens,11413,40.66823,-73.75684,8:00 AM,3:05 PM,552,2.4%,81.0%,8.4%,4.2%,398,410,393,69.5%
29Q248,Queens Preparatory Academy,Queens,Q420,143-10 Springfield Boulevard,Springfield Gardens,11413,40.66823,-73.75684,8:10 AM,2:57 PM,492,1.0%,80.7%,9.1%,4.3%,423,422,403,83.7%
29Q272,George Washington Carver High School for the Sciences,Queens,Q420,143-10 Springfield Boulevard,Springfield Gardens,11413,40.66823,-73.75684,8:00 AM,3:15 PM,509,1.8%,75.6%,11.4%,9.4%,439,428,419,63.5%
27Q650,"High School for Construction Trades, Engineering, and Architecture",Queens,Q650,94-06 104th Street,Ozone Park,11416,40.6894,-73.84064,8:10 AM,2:34 PM,959,12.3%,10.7%,35.6%,35.5%,489,457,451,78.9%
27Q480,John Adams High School,Queens,Q480,101-01 Rockaway Boulevard,Ozone Park,11417,40.67983,-73.83832,8:00 AM,3:30 PM,2634,2.9%,23.9%,37.9%,31.0%,418,401,395,38.4%
27Q308,Robert H. Goddard High School of Communication Arts and Technology,Queens,Q202,138-30 Lafayette Street,Ozone Park,11417,40.67177,-73.84498,7:25 AM,2:15 PM,602,17.6%,7.3%,41.7%,29.4%,426,435,424,85.1%
27Q475,Richmond Hill High School,Queens,Q475,89-30 114th Street,Richmond Hill,11418,40.69565,-73.83358,8:00 AM,3:00 PM,2175,5.4%,13.6%,48.2%,31.4%,413,406,399,37.9%
27Q334,Epic High School North,Queens,Q636,94-25 117th Street,South Richmond Hill,11419,40.69288,-73.82931,9:00 AM,4:00 PM,93,5.4%,21.5%,37.6%,19.4%,,,,
27Q314,Epic High School South,Queens,Q226,121-10 Rockaway Boulevard,Queens,11420,40.67574,-73.81697,9:00 AM,4:00 PM,87,6.9%,32.2%,26.4%,26.4%,,,,
29Q326,Cambria Heights Academy,Queens,Q799,188-04 91st Avenue,Hollis,11423,40.71182,-73.77119,9:00 AM,4:00 PM,372,2.2%,79.0%,9.1%,6.7%,418,424,411,58.5%
26Q566,"Queens High School of Teaching, Liberal Arts, and the Sciences",Queens,Q566,74-20 Commonwealth Boulevard,Bellerose,11426,40.7449,-73.72691,8:30 AM,3:30 PM,1120,8.4%,48.1%,17.5%,24.8%,453,434,439,72.4%
26Q315,Business Technology Early College High School,Queens,Q435,230-17 Hillside Avenue,Queens Village,11427,40.73282,-73.73965,8:30 AM,4:00 PM,112,8.0%,32.1%,28.6%,22.3%,,,,
26Q435,Martin Van Buren High School,Queens,Q435,230-17 Hillside Avenue,Queens Village,11427,40.73282,-73.73965,7:45 AM,3:14 PM,1742,3.6%,52.7%,13.0%,27.0%,397,396,391,40.0%
28Q680,Queens Gateway to Health Sciences Secondary School,Queens,Q695,160-20 Goethals Avenue,Jamaica,11432,40.71881,-73.8065,8:00 AM,2:30 PM,779,2.9%,38.2%,14.2%,43.3%,524,511,514,92.5%
28Q350,Jamaica Gateway to the Sciences,Queens,Q470,167-01 Gothic Drive,Jamaica,11432,40.71358,-73.79652,8:15 AM,3:00 PM,516,2.3%,42.6%,10.9%,40.7%,487,460,463,78.6%
28Q328,High School for Community Leadership,Queens,Q470,167-01 Gothic Drive,Jamaica,11432,40.71358,-73.79652,9:00 AM,3:45 PM,418,4.5%,42.3%,26.6%,22.7%,415,392,386,72.3%
28Q896,Young Women's Leadership School in Queens,Queens,Q680,150-91 87th Road,Jamaica,11432,40.70821,-73.80408,8:00 AM,2:57 PM,557,1.9%,47.5%,19.7%,26.9%,415,420,433,90.4%
28Q310,Queens Collegiate (College Board),Queens,Q470,167-01 Gothic Drive,Jamaica,11432,40.71358,-73.79652,8:15 AM,3:00 PM,661,4.1%,53.4%,16.1%,24.8%,455,439,441,74.8%
28Q505,Hillcrest High School,Queens,Q505,160-05 Highland Avenue,Jamaica,11432,40.70876,-73.80213,8:00 AM,3:30 PM,3286,3.8%,30.3%,28.8%,34.5%,448,432,426,51.8%
28Q620,Thomas A. Edison Career and Technical Education High School,Queens,Q620,165-65 84th Avenue,Jamaica,11432,40.71588,-73.79882,8:00 AM,3:30 PM,2098,4.2%,20.9%,22.4%,49.0%,514,473,470,80.0%
28Q325,Hillside Arts and Letters Academy,Queens,Q470,167-01 Gothic Drive,Jamaica,11432,40.71358,-73.79652,8:15 AM,3:00 PM,464,3.0%,37.7%,24.4%,27.8%,409,399,404,62.6%
28Q284,York Early College Academy,Queens,Q008,108-35 167th Street,Jamaica,11433,40.69694,-73.78698,8:00 AM,3:00 PM,611,1.2%,58.0%,10.3%,28.7%,496,481,473,92.9%
28Q687,Queens High School for the Sciences at York College,Queens,Q774,94-50 159th Street,Jamaica,11433,40.701,-73.79815,8:00 AM,3:18 PM,426,6.1%,7.0%,10.6%,75.4%,701,621,625,97.9%
28Q690,High School for Law Enforcement and Public Safety,Queens,Q690,116-25 Guy R Brewer Boulevard,Jamaica,11434,40.68618,-73.78408,8:00 AM,3:00 PM,604,1.8%,66.4%,18.9%,10.4%,410,431,409,56.6%
29Q327,Eagle Academy for Young Men III,Queens,Q633,171-10 Linden Boulevard,Jamaica,11434,40.69167,-73.77903,8:45 AM,4:45 PM,428,1.8%,86.3%,5.4%,0.6%,,,,
27Q400,August Martin High School,Queens,Q400,156-10 Baisley Boulevard,Jamaica,11434,40.67553,-73.78343,8:00 AM,3:30 PM,679,1.5%,75.4%,13.0%,7.5%,366,372,364,26.3%
27Q260,Frederick Douglass Academy VI High School,Queens,Q465,8-21 Bay 25th Street,Far Rockaway,11691,40.60199,-73.76283,7:45 AM,2:05 PM,409,0.7%,59.7%,37.9%,1.5%,410,418,407,30.1%
27Q309,Academy of Medical Technology (College Board),Queens,Q465,8-21 Bay 25th Street,Far Rockaway,11691,40.60199,-73.76283,8:00 AM,3:15 PM,637,2.7%,50.1%,37.7%,6.6%,422,424,415,67.6%
27Q302,"Queens High School for Information, Research, and Technology",Queens,Q465,8-21 Bay 25th Street,Far Rockaway,11691,40.60199,-73.76283,7:45 AM,4:10 PM,381,2.1%,49.1%,43.6%,4.2%,372,362,352,44.6%
27Q324,Rockaway Park High School for Environmental Sustainability,Queens,Q410,100-00 Beach Channel Drive,Rockaway Park,11694,40.58601,-73.82309,8:45 AM,3:30 PM,368,14.7%,46.7%,30.2%,3.5%,357,381,376,38.5%
27Q262,Channel View School for Research,Queens,Q410,100-00 Beach Channel Drive,Rockaway Park,11694,40.58601,-73.82309,8:15 AM,3:04 PM,683,10.7%,53.2%,29.1%,6.0%,427,430,423,76.6%
27Q351,Rockaway Collegiate High School,Queens,Q410,100-00 Beach Channel Drive,Rockaway Park,11694,40.58601,-73.82309,8:30 AM,4:20 PM,397,3.8%,52.6%,33.5%,5.0%,399,403,405,46.5%
27Q323,Scholars' Academy,Queens,Q180,320 Beach 104th Street,Rockaway Park,11694,40.58413,-73.82568,8:45 AM,3:00 PM,1302,34.7%,22.7%,19.6%,21.4%,588,560,568,99.2%